razza,classe,str,dex,con,int,wis,cha
Halfling,Sorcerer,7,10,11,6,9,14
Human,Barbarian,17,10,12,12,9,15
Human,Ranger,17,14,11,13,10,15
Half-Elf,Wizard,15,18,14,13,10,8
Human,Barbarian,9,12,15,13,7,8
Dwarf,Wizard,14,11,16,18,10,9
Dwarf,Bard,10,11,8,9,12,14
Halfling,Sorcerer,16,16,12,5,10,11
Human,Druid,9,13,11,7,14,14
Dwarf,Wizard,16,10,12,13,15,10
Half-Elf,Barbarian,15,15,10,17,14,12
Dragonborn,Paladin,13,13,9,10,7,14
Half-Elf,Bard,14,17,12,12,15,12
Gnome,Warlock,15,13,13,12,13,11
Gnome,Wizard,13,16,8,13,14,10
Halfling,Ranger,8,13,11,9,6,13
Elf,Monk,15,12,18,11,13,14
Dragonborn,Bard,17,15,13,11,11,8
Gnome,Sorcerer,10,13,15,10,14,7
Half-Orc,Cleric,14,14,16,16,12,14
Halfling,Bard,11,6,17,11,12,13
Half-Orc,Druid,12,13,9,13,14,16
Elf,Wizard,14,12,10,13,9,9
Gnome,Barbarian,13,7,12,13,6,9
Dwarf,Druid,15,12,13,12,11,13
Half-Elf,Ranger,9,12,16,17,12,13
Gnome,Bard,13,13,10,15,4,14
Half-Orc,Fighter,11,10,16,12,12,13
Dwarf,Ranger,13,7,12,9,10,15
Dragonborn,Bard,11,7,8,8,6,10
Half-Elf,Bard,13,12,6,7,13,17
Dragonborn,Bard,12,11,12,13,12,14
Tiefling,Wizard,15,12,14,14,9,13
Elf,Fighter,15,17,12,10,4,16
Half-Elf,Monk,6,15,14,14,12,14
Half-Orc,Paladin,11,6,8,14,9,12
Tiefling,Barbarian,13,10,12,10,9,10
Dwarf,Fighter,7,12,6,16,14,14
Elf,Ranger,12,14,12,12,11,11
Gnome,Fighter,7,14,13,13,12,11
Half-Orc,Barbarian,11,13,14,10,16,13
Gnome,Monk,9,10,12,15,12,12
Gnome,Paladin,7,12,9,13,7,13
Halfling,Monk,17,12,8,13,15,12
Dragonborn,Barbarian,17,14,16,13,17,13
Gnome,Druid,15,5,10,15,14,14
Elf,Paladin,13,14,12,12,13,14
Half-Orc,Bard,10,12,9,16,16,11
Human,Rogue,14,16,14,10,10,16
Dwarf,Sorcerer,14,9,12,16,4,15
Tiefling,Paladin,15,11,7,10,16,10
Gnome,Druid,15,9,13,15,12,12
Tiefling,Ranger,8,6,9,14,10,11
Tiefling,Bard,12,14,10,13,12,11
Halfling,Fighter,15,16,12,15,10,10
Elf,Bard,8,15,10,15,13,12
Half-Elf,Bard,16,13,10,12,10,13
Elf,Warlock,9,14,12,10,10,10
Halfling,Sorcerer,12,17,15,15,10,10
Elf,Druid,10,8,14,9,14,13
Gnome,Fighter,15,10,14,12,12,11
Tiefling,Druid,10,14,14,13,11,12
Gnome,Paladin,13,14,13,13,11,13
Halfling,Paladin,16,16,12,6,11,12
Halfling,Warlock,9,9,12,15,16,10
Half-Orc,Cleric,6,7,13,10,17,9
Elf,Bard,12,12,16,10,14,6
Halfling,Fighter,16,11,12,15,16,14
Half-Elf,Warlock,12,10,12,8,11,8
Halfling,Sorcerer,12,11,15,10,12,9
Tiefling,Warlock,10,16,12,11,13,12
Gnome,Fighter,14,11,8,12,16,13
Dragonborn,Sorcerer,16,11,12,11,9,13
Dragonborn,Paladin,9,15,17,12,15,8
Human,Ranger,15,15,12,14,14,13
Tiefling,Wizard,15,12,10,12,17,16
Elf,Cleric,10,7,12,8,12,17
Elf,Wizard,11,17,16,11,10,13
Tiefling,Ranger,12,13,10,14,11,11
Halfling,Rogue,12,12,14,12,6,12
Half-Elf,Barbarian,12,15,16,15,10,16
Tiefling,Warlock,12,17,15,16,9,14
Elf,Wizard,14,13,6,14,14,14
Tiefling,Paladin,11,16,13,12,17,11
Half-Elf,Paladin,10,14,13,12,14,11
Dragonborn,Fighter,10,12,11,9,13,12
Gnome,Ranger,17,16,13,14,11,7
Half-Orc,Rogue,14,14,12,16,14,15
Half-Elf,Ranger,12,16,12,10,16,13
Gnome,Paladin,17,10,12,12,11,9
Dragonborn,Cleric,15,17,8,12,13,15
Half-Orc,Druid,15,16,11,18,14,10
Tiefling,Barbarian,15,8,12,14,12,14
Dragonborn,Monk,14,14,12,12,14,10
Tiefling,Barbarian,14,13,13,10,16,7
Half-Orc,Bard,12,11,16,11,16,11
Tiefling,Rogue,12,12,8,11,11,15
Elf,Ranger,16,11,9,13,17,14
Human,Sorcerer,12,14,10,13,9,15
Human,Rogue,9,14,17,14,12,12
Human,Fighter,14,17,10,17,7,13
Dwarf,Fighter,15,16,14,17,12,10
Half-Elf,Ranger,12,16,10,15,14,12
Elf,Paladin,12,14,7,15,11,6
Elf,Cleric,14,14,16,11,8,12
Half-Orc,Bard,14,9,7,10,10,11
Halfling,Fighter,11,16,13,12,6,17
Dragonborn,Monk,16,14,7,14,14,9
Half-Orc,Warlock,17,10,16,15,10,9
Tiefling,Warlock,7,16,8,14,13,12
Elf,Sorcerer,12,14,11,15,9,11
Tiefling,Barbarian,14,15,5,12,12,16
Gnome,Fighter,10,13,5,13,14,17
Halfling,Barbarian,9,13,14,6,15,12
Elf,Ranger,15,17,15,14,12,10
Dwarf,Bard,11,14,12,13,14,16
Tiefling,Ranger,16,11,12,12,14,9
Human,Bard,10,16,14,10,14,16
Half-Orc,Barbarian,16,13,12,7,13,14
Tiefling,Druid,13,13,14,13,8,13
Gnome,Barbarian,8,12,9,14,12,16
Gnome,Paladin,12,10,13,11,13,14
Tiefling,Sorcerer,15,10,17,6,11,9
Dragonborn,Sorcerer,8,15,8,15,12,13
Dwarf,Paladin,14,11,16,11,10,10
Human,Bard,3,12,11,9,14,14
Half-Orc,Paladin,18,8,10,12,6,13
Half-Orc,Bard,14,12,14,11,11,15
Half-Orc,Wizard,13,16,12,3,14,11
Dragonborn,Cleric,10,14,12,15,10,10
Human,Bard,9,8,11,11,11,7
Halfling,Cleric,17,16,13,9,16,11
Tiefling,Wizard,8,10,13,17,13,14
Dwarf,Fighter,10,14,12,13,10,15
Gnome,Cleric,16,10,15,16,13,13
Dragonborn,Fighter,12,11,11,8,16,14
Halfling,Cleric,9,18,16,4,10,13
Dwarf,Paladin,10,15,8,14,14,15
Human,Druid,9,15,11,8,11,11
Human,Barbarian,9,15,14,12,16,12
Tiefling,Fighter,13,12,9,13,16,14
Half-Elf,Ranger,13,7,14,12,17,13
Half-Elf,Paladin,12,13,12,16,15,14
Elf,Cleric,12,10,11,14,13,15
Half-Orc,Barbarian,16,13,9,9,7,17
Gnome,Bard,12,8,9,10,8,9
Gnome,Sorcerer,15,15,12,11,10,10
Half-Elf,Bard,12,13,12,12,13,15
Halfling,Sorcerer,16,16,16,16,10,12
Tiefling,Rogue,14,13,13,12,12,12
Tiefling,Fighter,7,4,17,13,16,13
Halfling,Druid,17,18,11,14,13,13
Dragonborn,Sorcerer,16,15,11,11,12,13
Half-Elf,Ranger,15,13,13,10,13,10
Half-Elf,Wizard,10,13,14,15,10,12
Halfling,Monk,16,14,14,10,11,14
Dwarf,Paladin,11,8,7,15,14,14
Gnome,Paladin,11,8,15,15,14,14
Half-Elf,Sorcerer,7,14,11,13,12,12
Half-Orc,Wizard,10,11,13,13,15,12
Half-Elf,Cleric,15,5,15,15,11,11
Human,Rogue,14,11,15,13,12,12
Elf,Bard,12,9,11,13,7,8
Elf,Wizard,12,10,14,12,10,12
Human,Sorcerer,14,18,9,12,8,8
Tiefling,Paladin,11,10,10,10,11,9
Dwarf,Monk,15,13,9,11,10,11
Tiefling,Sorcerer,11,13,16,13,17,11
Elf,Wizard,14,11,14,9,14,13
Tiefling,Rogue,12,11,10,10,14,12
Tiefling,Paladin,16,11,17,17,17,12
Elf,Sorcerer,10,15,16,15,11,15
Dwarf,Cleric,12,11,9,14,9,11
Dragonborn,Warlock,14,17,16,14,11,11
Half-Orc,Sorcerer,15,12,15,12,11,8
Halfling,Wizard,9,15,14,16,8,8
Half-Elf,Wizard,12,13,17,10,10,14
Elf,Sorcerer,9,15,10,10,12,12
Tiefling,Rogue,14,12,14,15,10,11
Half-Orc,Paladin,9,9,5,17,12,12
Tiefling,Rogue,13,13,16,17,15,14
Half-Orc,Monk,16,15,14,8,10,12
Dwarf,Druid,10,16,17,5,14,14
Half-Elf,Ranger,13,10,9,15,12,10
Gnome,Bard,15,8,12,13,8,11
Half-Orc,Bard,13,13,9,14,15,9
Dwarf,Warlock,10,10,13,17,14,12
Half-Elf,Warlock,13,17,14,12,11,12
Gnome,Fighter,9,9,15,13,16,9
Tiefling,Fighter,17,10,11,10,16,12
Dwarf,Druid,11,15,15,9,9,12
Halfling,Monk,12,13,9,13,11,9
Tiefling,Paladin,14,16,8,10,13,16
Tiefling,Cleric,10,13,17,6,13,12
Halfling,Warlock,5,15,16,12,11,12
Human,Monk,13,16,11,8,13,7
Halfling,Cleric,11,12,14,11,14,13
Elf,Cleric,7,10,15,13,13,10
Tiefling,Sorcerer,15,15,11,14,13,10
Tiefling,Fighter,7,12,12,16,15,9
Dwarf,Druid,14,14,10,17,11,12
Gnome,Bard,14,10,14,15,17,12
Gnome,Monk,11,17,13,14,12,14
Half-Orc,Barbarian,9,11,13,11,4,11
Half-Orc,Ranger,15,11,16,10,12,16
Half-Elf,Paladin,5,14,11,12,8,15
Halfling,Sorcerer,12,9,14,14,16,14
Dragonborn,Sorcerer,9,17,10,7,12,9
Tiefling,Ranger,9,16,13,10,17,14
Half-Elf,Sorcerer,9,12,17,16,7,14
Half-Elf,Monk,16,15,13,15,11,14
Halfling,Sorcerer,8,7,12,14,15,17
Half-Elf,Rogue,13,9,16,12,14,11
Dragonborn,Monk,15,12,14,14,7,13
Halfling,Sorcerer,14,15,6,15,10,12
Elf,Cleric,9,13,11,12,9,14
Elf,Rogue,11,10,14,15,12,17
Half-Elf,Cleric,15,9,14,6,12,13
Gnome,Barbarian,11,13,11,12,12,13
Half-Orc,Fighter,13,13,12,12,17,15
Gnome,Barbarian,11,11,5,12,16,11
Dragonborn,Rogue,17,7,16,12,16,15
Tiefling,Cleric,17,12,8,13,14,13
Elf,Ranger,8,12,10,10,12,17
Dwarf,Sorcerer,6,17,11,14,8,8
Elf,Barbarian,15,8,11,14,14,14
Elf,Fighter,12,14,11,14,17,9
Halfling,Cleric,7,10,13,12,9,12
Halfling,Bard,12,9,12,14,13,11
Human,Wizard,15,14,17,12,9,9
Halfling,Cleric,14,12,10,15,13,8
Tiefling,Druid,15,16,7,16,13,9
Half-Elf,Ranger,12,13,14,9,15,11
Dragonborn,Bard,18,6,15,10,14,5
Halfling,Druid,10,15,16,12,15,16
Human,Barbarian,15,14,16,11,15,14
Elf,Ranger,10,14,11,13,11,14
Half-Orc,Rogue,11,8,10,14,14,4
Halfling,Ranger,14,10,8,16,14,10
Human,Warlock,18,13,12,8,14,11
Dragonborn,Fighter,9,13,10,11,8,6
Half-Elf,Paladin,14,10,13,15,14,10
Tiefling,Barbarian,9,11,12,16,15,8
Elf,Ranger,13,11,14,9,12,10
Dwarf,Warlock,13,7,7,13,17,7
Tiefling,Paladin,14,13,15,11,15,16
Elf,Barbarian,14,16,8,7,18,10
Gnome,Bard,10,12,10,15,11,11
Human,Cleric,7,13,6,13,13,7
Human,Druid,10,14,12,17,10,12
Tiefling,Fighter,15,13,10,8,10,13
Half-Elf,Fighter,14,14,9,11,10,10
Elf,Sorcerer,12,16,9,13,8,11
Gnome,Warlock,10,10,10,11,13,8
Elf,Druid,9,15,15,14,15,10
Half-Orc,Bard,13,15,10,10,15,6
Tiefling,Ranger,9,11,9,11,11,16
Dwarf,Fighter,11,15,10,11,15,12
Human,Barbarian,14,17,17,14,15,10
Human,Warlock,16,11,16,13,13,10
Halfling,Rogue,10,9,13,11,16,11
Dragonborn,Barbarian,13,14,10,13,13,12
Half-Orc,Paladin,7,12,14,10,15,15
Dwarf,Barbarian,13,13,18,16,13,13
Gnome,Wizard,14,8,12,7,9,11
Half-Elf,Ranger,13,7,9,11,13,8
Tiefling,Barbarian,12,17,13,11,15,17
Human,Sorcerer,13,16,14,8,12,13
Dragonborn,Rogue,11,13,10,15,15,14
Gnome,Sorcerer,15,4,9,16,8,12
Elf,Wizard,13,14,13,13,14,8
Halfling,Barbarian,17,8,14,11,9,15
Half-Elf,Druid,7,11,18,9,13,5
Elf,Barbarian,15,8,6,14,14,15
Dragonborn,Bard,12,15,14,12,14,17
Dragonborn,Fighter,17,17,13,16,16,11
Dwarf,Wizard,12,16,9,12,14,14
Dwarf,Ranger,13,13,14,15,11,8
Half-Elf,Bard,16,11,16,13,8,11
Elf,Warlock,14,13,10,11,13,12
Half-Elf,Paladin,17,13,14,13,11,10
Halfling,Warlock,11,14,13,14,14,12
Half-Elf,Wizard,11,13,14,10,14,16
Tiefling,Monk,18,13,11,14,10,11
Half-Orc,Ranger,18,14,14,8,17,10
Elf,Paladin,12,15,9,4,15,9
Elf,Paladin,12,7,12,10,17,13
Dwarf,Ranger,11,17,9,14,7,14
Halfling,Rogue,14,8,8,9,9,16
Tiefling,Sorcerer,10,12,11,8,7,13
Halfling,Druid,12,13,17,9,13,7
Tiefling,Wizard,14,16,15,14,11,11
Human,Sorcerer,12,10,14,12,12,14
Tiefling,Druid,14,12,13,12,12,14
Half-Elf,Ranger,14,9,8,9,6,9
Half-Orc,Sorcerer,11,15,16,10,9,13
Elf,Monk,12,14,15,13,9,16
Dwarf,Warlock,13,13,16,7,14,14
Half-Orc,Sorcerer,16,9,14,11,11,13
Dragonborn,Druid,10,10,17,15,7,15
Dwarf,Fighter,14,12,12,10,14,18
Half-Orc,Warlock,16,13,6,10,12,15
Half-Elf,Ranger,17,17,13,15,18,11
Dragonborn,Monk,13,14,12,10,14,12
Elf,Rogue,13,7,9,11,9,14
Tiefling,Sorcerer,13,12,12,13,12,11
Half-Orc,Ranger,14,8,13,10,8,12
Half-Elf,Wizard,11,15,16,12,13,12
Half-Elf,Bard,14,9,9,17,16,14
Dwarf,Warlock,9,15,12,11,11,10
Tiefling,Druid,9,13,16,13,10,16
Elf,Warlock,13,17,10,15,11,11
Gnome,Ranger,13,12,10,10,7,10
Dwarf,Warlock,13,10,14,11,17,16
Halfling,Monk,15,15,6,12,16,12
Elf,Monk,9,15,14,15,12,9
Half-Elf,Wizard,13,16,9,10,12,12
Dwarf,Cleric,14,15,12,14,17,15
Half-Orc,Paladin,14,12,16,8,8,13
Half-Elf,Cleric,12,8,8,15,13,14
Human,Wizard,17,13,8,16,14,10
Elf,Sorcerer,13,14,14,13,14,14
Dragonborn,Warlock,16,5,12,16,11,10
Dragonborn,Barbarian,14,14,13,13,9,7
Half-Elf,Warlock,11,13,10,11,13,12
Human,Monk,15,9,16,13,13,12
Tiefling,Ranger,14,10,10,17,16,12
Human,Barbarian,12,12,9,13,13,14
Elf,Monk,15,9,16,8,14,10
Elf,Monk,17,14,9,12,12,14
Halfling,Warlock,13,13,8,11,15,9
Half-Orc,Fighter,13,11,14,11,14,11
Gnome,Barbarian,16,10,13,14,14,10
Half-Elf,Sorcerer,9,14,10,8,15,10
Half-Orc,Monk,13,14,17,15,13,16
Dwarf,Rogue,16,16,12,14,13,15
Halfling,Barbarian,12,12,10,13,18,11
Gnome,Druid,12,15,9,15,12,12
Human,Monk,7,13,12,12,16,8
Elf,Sorcerer,11,6,9,11,8,12
Human,Warlock,9,16,9,7,12,9
Dwarf,Sorcerer,15,10,15,12,11,10
Half-Orc,Sorcerer,13,15,18,15,11,10
Dwarf,Ranger,10,14,16,12,11,14
Tiefling,Sorcerer,16,10,12,10,12,11
Half-Elf,Sorcerer,5,12,13,15,16,17
Elf,Bard,14,16,14,8,16,13
Halfling,Fighter,16,15,15,15,15,16
Half-Orc,Monk,17,11,7,10,8,14
Gnome,Bard,15,14,12,12,12,10
Dwarf,Bard,7,6,17,15,11,8
Halfling,Druid,11,15,15,18,13,12
Gnome,Rogue,11,8,13,14,12,14
Half-Elf,Bard,14,9,13,13,12,13
Gnome,Druid,11,11,12,16,13,15
Half-Orc,Fighter,14,11,15,9,14,7
Dwarf,Fighter,14,16,9,9,8,11
Gnome,Rogue,12,17,16,8,9,12
Dragonborn,Ranger,12,14,18,9,14,11
Half-Elf,Barbarian,13,7,13,7,9,10
Gnome,Bard,15,12,12,13,13,13
Dragonborn,Ranger,15,12,15,11,10,16
Half-Orc,Wizard,16,14,10,10,16,17
Half-Orc,Monk,16,15,13,15,16,12
Halfling,Warlock,7,17,4,10,10,16
Dwarf,Bard,17,12,8,13,7,5
Half-Elf,Druid,14,14,11,13,16,13
Half-Elf,Barbarian,15,16,13,9,13,8
Dwarf,Warlock,8,14,17,16,8,6
Half-Orc,Wizard,12,7,13,9,15,13
Halfling,Sorcerer,11,16,13,12,15,11
Gnome,Cleric,13,15,11,13,12,12
Gnome,Warlock,12,10,18,11,15,15
Half-Orc,Wizard,13,10,10,11,13,16
Half-Elf,Barbarian,10,12,16,15,13,12
Human,Rogue,11,11,12,17,11,7
Half-Orc,Rogue,9,12,14,7,16,12
Half-Elf,Fighter,12,16,8,13,13,5
Dwarf,Cleric,14,7,16,14,6,13
Gnome,Ranger,16,10,14,14,12,10
Human,Rogue,10,15,11,15,15,9
Tiefling,Druid,14,14,13,14,14,15
Halfling,Bard,12,10,9,14,7,14
Tiefling,Ranger,15,11,9,12,10,14
Half-Elf,Monk,13,7,15,15,9,14
Human,Wizard,12,10,10,11,10,14
Dragonborn,Rogue,10,14,15,7,13,12
Human,Cleric,15,12,12,9,13,14
Halfling,Warlock,11,12,10,9,16,14
Gnome,Paladin,14,15,12,13,10,16
Tiefling,Monk,10,7,10,16,13,11
Elf,Wizard,17,12,9,12,11,13
Half-Orc,Druid,13,10,11,11,7,10
Halfling,Fighter,10,9,17,13,13,17
Half-Elf,Cleric,7,12,10,11,14,13
Half-Elf,Wizard,9,11,11,15,13,15
Dwarf,Ranger,9,7,12,11,16,15
Dragonborn,Barbarian,16,13,11,13,10,14
Half-Orc,Fighter,17,12,10,14,14,17
Human,Bard,10,12,17,8,16,9
Half-Orc,Cleric,11,8,12,11,9,6
Halfling,Wizard,14,14,11,14,13,8
Gnome,Paladin,13,13,13,8,16,9
Half-Elf,Warlock,9,17,11,14,12,13
Gnome,Wizard,5,15,14,12,9,15
Tiefling,Cleric,10,15,14,10,12,13
Dwarf,Ranger,15,14,15,15,15,15
Gnome,Paladin,7,8,11,10,9,14
Tiefling,Ranger,11,17,17,13,11,12
Half-Orc,Paladin,15,14,8,16,6,15
Elf,Wizard,16,11,10,10,15,7
Half-Elf,Warlock,11,13,11,13,10,10
Tiefling,Fighter,11,14,16,11,16,16
Tiefling,Sorcerer,9,13,16,13,9,11
Half-Orc,Druid,12,11,15,14,11,11
Gnome,Wizard,10,13,10,16,13,11
Halfling,Barbarian,13,11,8,16,16,9
Dwarf,Warlock,12,5,13,12,11,14
Halfling,Sorcerer,14,15,9,8,9,14
Half-Elf,Monk,14,13,12,7,12,12
Half-Orc,Ranger,15,7,14,16,13,15
Tiefling,Rogue,11,10,16,17,15,6
Elf,Monk,13,12,16,12,10,12
Halfling,Fighter,11,15,13,12,15,11
Half-Orc,Wizard,18,16,12,8,18,16
Gnome,Bard,16,12,13,17,15,14
Elf,Warlock,14,13,12,10,14,13
Human,Fighter,16,13,16,16,14,7
Tiefling,Bard,14,13,16,12,15,16
Gnome,Monk,15,11,10,15,16,15
Dwarf,Monk,13,9,12,14,13,10
Tiefling,Monk,7,10,11,17,12,10
Tiefling,Fighter,13,12,7,14,14,10
Tiefling,Ranger,12,13,15,10,10,14
Half-Elf,Bard,16,12,10,6,14,13
Dragonborn,Bard,10,14,15,13,10,12
Half-Orc,Paladin,13,8,12,9,10,9
Half-Elf,Warlock,15,11,9,8,12,16
Half-Orc,Sorcerer,10,13,12,12,15,14
Elf,Warlock,7,11,11,7,7,8
Halfling,Fighter,10,13,10,7,9,13
Elf,Barbarian,12,12,16,11,12,11
Dwarf,Bard,12,13,7,13,5,14
Human,Paladin,11,14,11,14,12,10
Dragonborn,Warlock,16,7,10,10,16,14
Half-Orc,Sorcerer,9,17,7,11,14,15
Half-Elf,Paladin,14,15,15,15,13,14
Gnome,Druid,9,7,10,12,16,15
Tiefling,Wizard,11,12,6,15,11,11
Tiefling,Fighter,11,12,13,10,16,9
Dragonborn,Sorcerer,17,15,12,12,9,14
Half-Orc,Wizard,10,12,10,13,12,17
Elf,Rogue,13,14,13,10,13,11
Half-Elf,Paladin,12,16,13,12,12,14
Dragonborn,Warlock,9,12,11,13,13,14
Gnome,Warlock,15,8,9,11,9,14
Half-Elf,Monk,10,11,10,11,15,13
Elf,Druid,11,12,11,13,7,18
Tiefling,Sorcerer,11,14,11,12,15,14
Human,Monk,11,10,6,16,13,12
Halfling,Rogue,15,14,7,14,10,14
Dragonborn,Druid,12,14,5,11,17,16
Human,Monk,18,14,15,13,10,16
Human,Ranger,13,14,13,11,13,9
Dwarf,Sorcerer,15,4,15,6,7,9
Dwarf,Cleric,13,8,17,13,15,17
Dwarf,Wizard,16,14,12,9,11,18
Tiefling,Monk,15,13,10,10,11,9
Half-Orc,Paladin,15,11,13,16,15,13
Half-Orc,Paladin,9,10,16,16,10,12
Half-Orc,Bard,11,12,16,14,14,9
Half-Elf,Fighter,10,11,9,16,17,15
Gnome,Warlock,16,11,7,12,18,11
Dragonborn,Sorcerer,5,8,13,13,6,12
Elf,Wizard,13,15,12,10,12,13
Dragonborn,Bard,14,15,15,15,17,13
Half-Orc,Cleric,17,14,10,9,14,14
Dragonborn,Fighter,14,13,10,12,10,16
Human,Fighter,16,14,9,9,8,12
Elf,Ranger,11,13,10,15,10,16
Gnome,Cleric,12,18,13,15,12,14
Dwarf,Rogue,10,17,12,12,8,17
Elf,Ranger,10,10,15,11,14,10
Dwarf,Bard,13,10,11,9,8,11
Half-Elf,Druid,13,14,12,12,11,15
Elf,Ranger,16,11,11,10,15,13
Half-Orc,Sorcerer,17,6,5,15,9,11
Half-Elf,Wizard,16,10,11,13,15,13
Human,Ranger,11,5,14,16,9,13
Half-Orc,Warlock,14,11,12,14,6,10
Tiefling,Cleric,18,15,16,8,15,16
Gnome,Paladin,11,16,14,14,16,8
Half-Elf,Ranger,10,7,12,16,11,15
Human,Bard,13,12,10,13,11,15
Halfling,Sorcerer,16,14,8,16,13,4
Dwarf,Rogue,13,15,11,12,13,15
Dragonborn,Fighter,14,11,14,9,14,12
Tiefling,Wizard,14,9,15,14,6,10
Human,Rogue,15,12,14,15,5,13
Human,Wizard,13,15,9,16,12,14
Elf,Paladin,10,16,10,9,15,14
Elf,Ranger,11,11,11,14,9,12
Human,Cleric,14,14,7,10,13,9
Half-Elf,Sorcerer,13,14,14,11,11,15
Tiefling,Rogue,17,11,13,11,15,14
Human,Paladin,8,16,10,10,9,9
Human,Bard,17,11,14,4,9,18
Dragonborn,Cleric,13,6,13,14,17,13
Gnome,Druid,17,14,16,12,14,10
Dragonborn,Fighter,11,12,8,7,11,14
Half-Orc,Wizard,12,12,16,7,15,13
Elf,Monk,11,5,14,13,12,4
Dragonborn,Wizard,11,16,10,11,15,17
Tiefling,Paladin,9,8,10,9,11,15
Half-Elf,Bard,16,13,16,11,7,8
Halfling,Ranger,9,16,4,10,16,13
Dragonborn,Cleric,15,12,18,10,13,15
Gnome,Cleric,15,17,16,17,11,8
Human,Bard,16,7,10,10,17,15
Dwarf,Fighter,13,11,8,6,11,16
Dwarf,Sorcerer,10,13,15,13,13,15
Human,Fighter,11,14,16,15,10,12
Gnome,Ranger,13,9,14,9,10,15
Dwarf,Rogue,13,15,9,12,16,11
Elf,Druid,9,16,13,12,12,15
Tiefling,Barbarian,16,16,12,16,9,14
Dwarf,Druid,17,11,10,17,15,8
Dragonborn,Warlock,16,4,12,14,14,17
Dragonborn,Ranger,14,13,12,12,12,7
Dwarf,Wizard,15,15,14,11,10,10
Half-Elf,Ranger,12,10,9,15,17,11
Dragonborn,Paladin,12,10,12,13,9,9
Tiefling,Rogue,15,8,12,11,15,13
Tiefling,Ranger,11,14,12,13,11,10
Elf,Barbarian,17,10,12,12,13,13
Tiefling,Bard,10,12,11,14,14,15
Dwarf,Sorcerer,7,12,11,12,11,12
Elf,Warlock,13,16,15,15,13,11
Gnome,Sorcerer,12,8,7,11,9,11
Human,Rogue,15,8,5,17,9,12
Elf,Paladin,14,16,14,12,14,13
Half-Orc,Fighter,13,15,11,11,13,13
Dragonborn,Warlock,12,11,17,13,12,11
Half-Elf,Ranger,5,11,12,14,18,8
Half-Orc,Monk,11,13,10,15,15,15
Dragonborn,Sorcerer,11,15,10,11,12,6
Dragonborn,Ranger,6,12,12,14,13,15
Elf,Monk,9,12,11,13,8,7
Dragonborn,Monk,17,17,9,16,13,12
Half-Elf,Barbarian,12,13,12,15,16,16
Gnome,Warlock,14,14,13,10,13,10
Gnome,Bard,15,14,16,14,7,16
Elf,Ranger,15,11,17,11,9,9
Half-Elf,Wizard,13,9,12,15,12,10
Dragonborn,Barbarian,9,14,13,13,13,7
Half-Elf,Cleric,11,10,12,17,17,13
Gnome,Monk,12,14,12,13,16,16
Human,Druid,9,11,11,13,17,14
Half-Orc,Monk,10,4,9,14,14,12
Tiefling,Monk,14,12,12,15,12,11
Half-Elf,Fighter,16,13,17,9,5,17
Half-Orc,Sorcerer,11,9,8,12,11,13
Human,Paladin,14,12,6,13,11,10
Dwarf,Barbarian,5,12,15,16,11,11
Half-Orc,Bard,16,10,9,17,13,11
Dwarf,Monk,15,9,6,7,14,12
Gnome,Monk,7,14,9,12,12,7
Half-Elf,Wizard,12,17,5,12,18,14
Elf,Paladin,10,10,8,8,12,12
Gnome,Bard,15,5,12,10,12,14
Gnome,Paladin,11,12,10,14,15,14
Half-Elf,Cleric,13,14,13,9,13,10
Elf,Rogue,7,10,6,6,14,8
Half-Orc,Barbarian,6,9,6,10,14,11
Gnome,Druid,16,16,10,11,10,11
Elf,Druid,15,9,9,8,15,12
Half-Orc,Fighter,16,11,15,17,11,7
Human,Rogue,12,14,10,9,14,13
Elf,Cleric,15,14,11,13,11,14
Gnome,Paladin,14,10,12,13,11,13
Dragonborn,Paladin,14,14,15,11,10,14
Dwarf,Warlock,17,7,14,14,13,13
Halfling,Druid,15,12,15,13,11,15
Half-Orc,Bard,14,12,8,14,10,11
Gnome,Paladin,14,5,14,16,17,15
Dragonborn,Fighter,9,12,8,11,11,12
Halfling,Barbarian,10,9,12,13,11,9
Tiefling,Ranger,12,13,11,14,10,11
Dragonborn,Wizard,11,13,10,12,8,12
Half-Orc,Druid,11,15,9,14,13,10
Human,Paladin,12,17,18,7,14,9
Half-Orc,Wizard,13,12,13,15,11,13
Half-Elf,Monk,15,11,11,11,10,12
Elf,Bard,17,14,11,8,12,16
Halfling,Paladin,8,7,11,13,15,6
Human,Rogue,7,13,11,11,9,15
Halfling,Bard,13,13,16,12,15,11
Half-Orc,Monk,14,5,7,10,4,11
Dragonborn,Cleric,14,16,15,7,9,9
Gnome,Sorcerer,13,15,6,15,13,15
Half-Elf,Bard,7,11,11,12,13,6
Half-Orc,Ranger,9,16,7,15,14,12
Dragonborn,Monk,8,14,6,7,14,13
Half-Orc,Cleric,8,15,13,14,14,13
Half-Orc,Fighter,10,9,12,16,14,15
Human,Warlock,15,13,14,18,14,9
Tiefling,Cleric,12,14,16,14,15,14
Half-Orc,Druid,11,16,12,11,14,13
Half-Elf,Warlock,14,17,10,13,13,13
Gnome,Fighter,10,14,13,14,12,13
Elf,Paladin,17,17,14,8,15,16
Tiefling,Wizard,14,13,9,16,11,16
Half-Orc,Wizard,17,12,16,9,14,10
Half-Orc,Bard,13,17,15,14,10,12
Half-Elf,Cleric,13,12,9,16,8,13
Elf,Monk,11,14,16,12,8,14
Human,Bard,9,15,11,11,11,15
Half-Elf,Paladin,13,7,10,9,14,9
Tiefling,Paladin,13,13,14,9,15,11
Human,Barbarian,18,14,11,16,13,15
Gnome,Ranger,17,13,9,16,14,16
Halfling,Bard,16,11,17,9,10,8
Gnome,Ranger,7,16,12,11,11,13
Gnome,Monk,17,11,15,8,13,15
Gnome,Barbarian,11,11,8,9,13,9
Dragonborn,Druid,9,12,16,7,5,14
Halfling,Wizard,12,15,10,17,15,15
Human,Fighter,14,15,14,16,15,13
Dragonborn,Wizard,14,15,17,10,12,13
Elf,Cleric,10,14,17,14,13,10
Tiefling,Monk,10,15,8,12,11,8
Half-Elf,Bard,17,10,15,11,10,9
Half-Orc,Druid,13,11,12,14,11,15
Halfling,Monk,14,10,10,17,4,16
Elf,Wizard,8,15,9,13,9,13
Half-Elf,Sorcerer,12,8,13,17,12,15
Half-Orc,Bard,12,4,11,16,14,13
Tiefling,Barbarian,13,12,12,18,11,14
Halfling,Fighter,13,15,9,13,15,15
Half-Orc,Bard,14,14,9,11,13,8
Tiefling,Warlock,13,11,13,11,11,12
Halfling,Monk,13,12,11,6,10,15
Gnome,Barbarian,10,9,10,17,15,11
Dragonborn,Druid,7,17,10,14,10,16
Dragonborn,Paladin,15,14,15,12,15,6
Halfling,Warlock,13,18,9,9,14,6
Gnome,Barbarian,15,13,13,10,9,12
Half-Elf,Wizard,16,14,12,15,12,10
Gnome,Barbarian,15,14,14,9,11,12
Gnome,Barbarian,16,13,13,13,15,12
Half-Orc,Ranger,12,11,15,5,13,13
Half-Elf,Fighter,10,14,10,13,10,9
Dwarf,Sorcerer,13,16,11,14,12,11
Dwarf,Bard,11,17,10,10,14,12
Tiefling,Rogue,17,15,13,7,13,10
Gnome,Warlock,14,11,17,7,10,12
Dwarf,Monk,6,7,16,10,13,14
Gnome,Fighter,9,11,11,10,9,16
Dwarf,Fighter,9,8,13,12,13,8
Human,Barbarian,10,10,11,11,10,14
Dragonborn,Warlock,12,15,13,12,8,10
Gnome,Paladin,15,9,8,12,17,11
Dragonborn,Paladin,11,11,14,13,12,12
Half-Elf,Fighter,4,7,16,15,15,15
Tiefling,Druid,10,11,16,9,16,12
Elf,Cleric,8,16,16,10,11,13
Elf,Paladin,12,7,12,12,12,13
Human,Cleric,17,11,11,10,12,7
Halfling,Monk,10,11,8,9,7,11
Human,Barbarian,8,18,14,16,9,10
Halfling,Sorcerer,12,13,7,16,11,11
Gnome,Sorcerer,11,13,18,13,9,10
Tiefling,Cleric,6,18,11,6,16,16
Half-Elf,Fighter,12,16,12,14,16,7
Half-Elf,Barbarian,9,10,11,13,16,13
Half-Orc,Bard,16,17,14,13,14,14
Elf,Rogue,16,9,16,12,14,16
Tiefling,Bard,11,10,16,11,12,10
Half-Orc,Bard,12,12,15,12,9,12
Tiefling,Monk,13,15,12,10,14,13
Half-Orc,Monk,10,13,15,14,12,17
Elf,Fighter,9,13,7,13,13,15
Tiefling,Ranger,17,10,8,11,14,15
Gnome,Druid,14,9,15,12,13,11
Elf,Warlock,13,17,11,12,11,14
Gnome,Paladin,10,13,9,7,17,13
Dragonborn,Paladin,15,16,10,8,16,10
Half-Elf,Barbarian,11,16,6,10,11,12
Human,Rogue,16,11,13,16,10,12
Half-Elf,Wizard,15,7,9,10,11,15
Half-Elf,Barbarian,11,15,13,14,7,8
Dwarf,Cleric,12,13,15,6,15,14
Gnome,Paladin,17,9,12,9,17,16
Tiefling,Warlock,10,12,13,16,12,7
Halfling,Rogue,9,16,11,8,15,14
Dragonborn,Wizard,13,11,17,7,15,10
Half-Orc,Barbarian,12,13,9,11,11,16
Tiefling,Ranger,18,14,9,15,12,12
Elf,Barbarian,13,12,11,14,12,15
Elf,Cleric,13,6,11,16,13,9
Tiefling,Barbarian,7,15,16,9,12,14
Half-Elf,Monk,13,15,8,14,17,12
Halfling,Druid,13,4,11,10,11,12
Dragonborn,Rogue,14,16,17,12,10,13
Tiefling,Barbarian,12,9,10,14,10,12
Elf,Cleric,10,11,14,11,11,10
Halfling,Bard,15,15,12,8,13,10
Half-Orc,Sorcerer,13,14,10,16,14,15
Gnome,Druid,14,16,9,10,12,12
Half-Orc,Paladin,8,15,9,7,8,10
Elf,Monk,15,13,14,17,18,14
Tiefling,Bard,13,15,15,15,14,9
Elf,Monk,15,17,9,15,10,17
Halfling,Sorcerer,14,12,9,11,12,10
Tiefling,Monk,12,16,15,16,12,10
Tiefling,Cleric,16,10,15,16,12,13
Halfling,Warlock,10,14,12,17,16,18
Tiefling,Ranger,17,14,14,4,6,9
Human,Paladin,10,12,13,15,13,12
Dwarf,Barbarian,12,14,14,13,11,13
Human,Rogue,18,13,15,12,12,9
Tiefling,Ranger,6,12,11,10,8,16
Tiefling,Druid,7,12,14,14,15,8
Gnome,Wizard,9,15,13,13,16,14
Dwarf,Rogue,7,12,13,10,8,7
Halfling,Sorcerer,9,13,9,14,11,13
Gnome,Sorcerer,9,9,11,10,16,12
Halfling,Druid,13,8,15,9,13,13
Halfling,Ranger,12,7,11,10,9,7
Half-Orc,Wizard,15,5,16,13,14,6
Elf,Monk,18,8,12,11,18,11
Halfling,Sorcerer,12,6,13,14,14,12
Tiefling,Paladin,10,11,12,15,18,15
Human,Rogue,15,16,12,13,10,15
Dwarf,Paladin,16,11,13,15,16,13
Dragonborn,Rogue,8,14,15,13,13,12
Elf,Ranger,17,13,13,10,11,9
Dragonborn,Ranger,11,14,17,16,7,11
Half-Elf,Ranger,13,18,6,10,16,13
Dwarf,Barbarian,15,10,10,11,13,7
Tiefling,Rogue,17,6,11,16,14,8
Gnome,Wizard,13,12,8,13,14,17
Tiefling,Warlock,13,13,13,10,15,8
Dragonborn,Barbarian,17,9,13,17,13,6
Half-Orc,Warlock,14,6,16,13,17,10
Half-Elf,Barbarian,15,13,10,11,14,10
Tiefling,Wizard,13,12,8,13,11,11
Dragonborn,Barbarian,9,17,18,13,6,14
Half-Elf,Warlock,12,11,10,9,13,16
Gnome,Paladin,15,10,8,5,10,10
Gnome,Paladin,16,16,12,10,11,15
Dwarf,Monk,5,5,13,7,9,12
Elf,Wizard,18,14,16,6,9,15
Halfling,Wizard,9,10,11,8,16,14
Half-Elf,Druid,14,18,12,13,14,15
Gnome,Sorcerer,12,14,13,12,17,15
Half-Orc,Ranger,12,15,13,14,13,11
Half-Orc,Monk,14,14,18,14,16,12
Elf,Sorcerer,13,11,15,15,14,12
Elf,Bard,15,12,9,14,16,10
Half-Orc,Monk,9,14,13,12,16,16
Half-Orc,Cleric,13,10,15,8,13,8
Human,Cleric,11,8,9,11,12,11
Dragonborn,Warlock,16,10,12,17,16,12
Gnome,Ranger,13,11,11,8,15,12
Dwarf,Druid,14,10,14,12,14,9
Human,Monk,18,12,16,12,6,13
Halfling,Monk,15,12,14,10,11,11
Tiefling,Ranger,13,7,12,12,8,14
Dragonborn,Monk,10,17,9,15,14,7
Tiefling,Rogue,18,10,12,9,10,14
Halfling,Bard,13,13,11,8,7,8
Human,Paladin,13,16,14,9,14,9
Human,Cleric,11,11,10,13,14,11
Halfling,Sorcerer,14,14,16,11,11,10
Dragonborn,Ranger,9,16,9,11,11,13
Dragonborn,Ranger,16,13,11,15,15,15
Tiefling,Sorcerer,11,9,10,16,10,15
Halfling,Fighter,14,16,9,14,15,13
Half-Elf,Cleric,14,15,11,12,8,7
Human,Rogue,13,8,10,15,13,8
Elf,Rogue,8,15,11,14,16,9
Elf,Cleric,17,14,16,10,9,17
Gnome,Warlock,15,14,16,12,17,11
Halfling,Sorcerer,12,10,13,14,10,12
Half-Orc,Barbarian,13,14,15,12,14,10
Half-Orc,Monk,17,13,15,13,13,14
Dragonborn,Wizard,16,8,9,13,17,9
Elf,Wizard,14,14,10,11,14,14
Elf,Barbarian,15,10,16,13,9,12
Dwarf,Bard,8,13,11,14,9,6
Halfling,Cleric,13,14,15,4,10,13
Dragonborn,Rogue,13,17,14,15,14,14
Elf,Druid,11,13,14,12,10,15
Dragonborn,Bard,14,14,8,13,11,14
Human,Druid,10,10,13,11,8,12
Gnome,Monk,12,10,14,15,15,9
Dwarf,Druid,9,9,16,11,13,10
Dwarf,Monk,18,13,12,9,14,16
Half-Orc,Fighter,14,13,11,15,13,16
Human,Druid,15,10,9,13,14,16
Elf,Bard,9,11,9,12,12,9
Dwarf,Bard,13,13,11,11,12,15
Dwarf,Cleric,14,12,16,12,15,14
Tiefling,Paladin,10,12,10,12,10,16
Halfling,Bard,13,9,10,13,6,11
Halfling,Cleric,14,14,13,10,13,12
Half-Orc,Cleric,12,17,13,18,18,9
Dragonborn,Druid,8,15,12,8,13,14
Dwarf,Rogue,11,13,12,13,11,14
Gnome,Warlock,8,11,9,9,11,8
Dragonborn,Warlock,14,12,9,12,12,10
Dwarf,Monk,11,16,13,13,12,13
Half-Elf,Sorcerer,12,15,13,11,13,11
Half-Orc,Warlock,14,10,11,11,15,13
Gnome,Wizard,13,13,11,10,16,9
Half-Elf,Sorcerer,10,9,15,16,11,11
Elf,Monk,14,12,14,12,13,11
Gnome,Fighter,10,12,11,14,13,13
Dragonborn,Wizard,12,13,11,11,16,12
Elf,Sorcerer,13,12,14,15,14,9
Dwarf,Monk,15,10,16,13,14,17
Dragonborn,Ranger,14,14,11,14,11,13
Tiefling,Warlock,12,11,12,13,17,7
Halfling,Barbarian,10,11,11,8,15,12
Half-Elf,Barbarian,12,13,7,8,11,12
Gnome,Ranger,13,12,7,7,14,15
Gnome,Warlock,10,14,14,14,16,7
Half-Elf,Fighter,13,11,13,12,18,14
Tiefling,Druid,13,9,11,13,13,14
Halfling,Monk,8,17,14,11,13,9
Human,Paladin,14,12,10,10,14,7
Halfling,Fighter,15,9,12,14,11,11
Elf,Paladin,14,14,11,12,15,13
Dragonborn,Cleric,13,12,15,11,17,15
Dwarf,Rogue,15,15,13,15,13,11
Halfling,Sorcerer,14,14,12,11,12,15
Human,Fighter,14,18,11,15,6,10
Human,Wizard,6,10,6,16,12,8
Human,Warlock,9,12,11,9,14,13
Elf,Fighter,10,13,7,9,11,7
Dwarf,Druid,14,7,13,9,7,15
Human,Ranger,9,16,14,14,12,17
Gnome,Sorcerer,15,14,12,6,16,16
Human,Paladin,10,5,12,8,13,12
Half-Orc,Fighter,11,13,7,15,15,11
Elf,Bard,13,13,9,13,8,12
Gnome,Ranger,12,10,14,9,11,10
Gnome,Wizard,10,15,7,14,15,12
Elf,Cleric,13,15,5,12,9,13
Tiefling,Rogue,13,11,8,5,10,13
Tiefling,Rogue,14,17,13,16,15,14
Half-Orc,Warlock,6,16,14,16,8,15
Human,Wizard,15,11,11,13,10,14
Half-Elf,Rogue,10,5,13,16,11,18
Half-Elf,Bard,12,12,11,13,11,10
Dwarf,Barbarian,12,11,16,14,16,17
Human,Barbarian,8,9,11,16,10,15
Half-Elf,Warlock,13,9,14,16,14,5
Human,Cleric,10,11,12,11,18,13
Dwarf,Sorcerer,13,12,10,8,17,10
Halfling,Druid,10,9,11,12,10,15
Elf,Monk,12,14,15,16,13,14
Tiefling,Monk,12,13,7,6,15,14
Dragonborn,Sorcerer,13,4,11,10,10,17
Tiefling,Barbarian,13,12,11,13,13,11
Dwarf,Bard,13,17,12,13,15,12
Gnome,Rogue,7,11,11,11,13,15
Tiefling,Paladin,6,7,15,14,13,14
Halfling,Ranger,12,16,14,10,12,9
Elf,Ranger,11,16,7,9,12,11
Dwarf,Rogue,11,13,13,5,11,9
Human,Ranger,10,12,7,12,17,17
Half-Orc,Wizard,13,9,10,8,10,13
Half-Elf,Fighter,10,10,12,17,14,14
Elf,Rogue,8,13,12,13,15,15
Tiefling,Paladin,13,18,8,8,7,9
Human,Barbarian,12,11,9,12,14,12
Tiefling,Warlock,12,13,11,9,13,17
Tiefling,Fighter,15,10,14,7,12,11
Tiefling,Druid,13,12,10,10,11,18
Dwarf,Monk,10,16,14,3,17,13
Dragonborn,Cleric,16,13,15,7,8,13
Gnome,Druid,15,17,8,7,10,11
Tiefling,Rogue,15,11,16,12,14,14
Elf,Ranger,14,15,3,11,13,8
Dragonborn,Rogue,8,17,12,9,17,15
Elf,Barbarian,14,11,15,13,11,6
Half-Elf,Sorcerer,15,15,10,15,15,12
Dragonborn,Sorcerer,16,10,10,15,14,11
Halfling,Bard,16,12,14,14,16,12
Tiefling,Fighter,16,16,18,10,16,12
Half-Orc,Monk,16,11,16,10,12,16
Human,Sorcerer,15,15,6,10,10,13
Human,Ranger,17,7,14,8,15,12
Halfling,Monk,11,13,17,12,11,16
Half-Elf,Sorcerer,7,13,12,13,18,13
Elf,Sorcerer,9,10,15,12,13,16
Half-Orc,Rogue,10,11,15,12,9,14
Human,Monk,9,10,12,14,12,14
Half-Orc,Barbarian,13,10,15,14,11,10
Human,Paladin,12,13,16,11,12,14
Gnome,Ranger,9,10,14,15,8,14
Dwarf,Paladin,12,9,12,15,17,14
Half-Orc,Warlock,13,14,14,15,13,8
Half-Elf,Wizard,16,12,7,14,12,15
Half-Orc,Monk,13,16,9,15,12,12
Elf,Wizard,9,8,13,14,10,6
Half-Orc,Druid,11,10,11,14,12,14
Gnome,Fighter,9,10,8,11,14,13
Tiefling,Ranger,8,13,8,12,16,15
Gnome,Cleric,11,10,10,10,9,12
Elf,Rogue,12,10,13,7,14,11
Halfling,Cleric,10,14,13,10,8,8
Half-Orc,Barbarian,10,9,15,7,12,13
Dragonborn,Sorcerer,7,16,16,11,13,6
Human,Bard,10,12,15,11,12,6
Tiefling,Ranger,12,12,13,9,13,10
Human,Bard,17,12,11,12,14,14
Human,Wizard,15,10,6,17,17,11
Gnome,Rogue,13,13,10,13,14,12
Gnome,Warlock,4,12,11,15,10,11
Half-Elf,Sorcerer,13,5,10,12,11,13
Dragonborn,Rogue,18,13,9,9,12,8
Halfling,Barbarian,12,11,4,14,10,12
Elf,Paladin,8,12,17,12,12,9
Halfling,Rogue,11,14,14,7,4,14
Human,Paladin,15,11,11,15,17,13
Elf,Paladin,14,17,4,13,13,12
Tiefling,Monk,15,13,7,8,15,10
Tiefling,Sorcerer,8,14,16,14,11,17
Half-Elf,Sorcerer,16,14,11,12,16,18
Elf,Wizard,11,9,12,17,10,8
Tiefling,Warlock,10,16,17,13,7,15
Elf,Barbarian,9,9,15,12,16,16
Tiefling,Bard,13,9,12,13,14,13
Elf,Warlock,10,13,14,13,14,12
Dragonborn,Barbarian,15,13,10,11,16,11
Tiefling,Ranger,14,11,11,14,8,17
Dwarf,Cleric,11,8,13,12,11,9
Human,Paladin,11,14,13,16,10,10
Dwarf,Sorcerer,11,15,10,11,10,12
Human,Ranger,13,11,11,10,15,9
Halfling,Monk,10,12,15,14,11,9
Tiefling,Sorcerer,12,12,10,11,12,9
Elf,Rogue,9,15,11,16,11,9
Half-Orc,Sorcerer,13,10,9,11,15,14
Halfling,Fighter,13,14,15,10,14,10
Half-Elf,Sorcerer,16,18,7,11,14,13
Half-Orc,Monk,7,11,14,11,10,18
Human,Monk,16,17,13,10,10,13
Human,Warlock,12,10,14,8,9,16
Half-Orc,Druid,16,15,12,15,14,13
Human,Monk,9,10,11,15,11,13
Dragonborn,Fighter,13,14,10,13,8,17
Gnome,Fighter,10,13,13,15,12,16
Tiefling,Sorcerer,11,12,10,12,12,12
Dragonborn,Wizard,12,9,14,13,13,15
Elf,Barbarian,13,13,10,11,11,16
Half-Orc,Ranger,17,15,12,12,10,5
Dragonborn,Warlock,9,10,13,10,14,7
Dragonborn,Cleric,17,14,14,14,16,11
Human,Warlock,15,12,7,9,10,5
Human,Bard,7,7,13,12,11,11
Half-Orc,Rogue,18,11,15,10,9,11
Dwarf,Bard,8,7,14,8,13,14
Halfling,Bard,10,14,13,12,17,12
Halfling,Cleric,14,13,8,6,16,10
Gnome,Barbarian,16,14,17,11,12,7
Dragonborn,Fighter,13,11,13,13,16,13
Half-Orc,Sorcerer,11,14,11,13,7,14
Elf,Rogue,5,9,14,13,16,12
Dwarf,Cleric,14,11,12,13,11,5
Human,Fighter,9,15,15,10,11,11
Tiefling,Monk,16,16,16,9,11,16
Halfling,Paladin,16,11,11,14,13,10
Halfling,Paladin,15,8,11,11,12,14
Halfling,Druid,14,16,18,11,14,11
Gnome,Warlock,12,15,13,11,16,11
Dragonborn,Druid,14,9,7,6,16,12
Gnome,Druid,14,13,14,9,11,9
Half-Elf,Cleric,16,14,12,12,9,8
Halfling,Rogue,8,16,14,11,13,12
Halfling,Warlock,12,16,11,14,13,14
Elf,Wizard,7,9,13,5,14,9
Tiefling,Rogue,9,12,16,12,4,10
Dragonborn,Druid,8,15,16,11,17,11
Human,Wizard,11,7,10,13,11,7
Dwarf,Ranger,11,8,11,9,13,17
Dwarf,Wizard,13,9,11,7,15,17
Tiefling,Paladin,11,13,17,14,15,10
Dragonborn,Ranger,14,13,10,10,10,11
Half-Elf,Wizard,13,9,15,15,15,15
Half-Orc,Barbarian,12,7,6,9,13,15
Tiefling,Warlock,11,12,15,17,14,13
Elf,Warlock,16,12,10,10,15,17
Tiefling,Monk,16,14,16,12,11,10
Human,Bard,11,12,17,14,11,13
Gnome,Bard,9,15,14,15,14,8
Halfling,Warlock,13,12,11,14,14,16
Half-Orc,Fighter,16,10,12,15,10,14
Tiefling,Monk,4,15,11,8,13,13
Half-Orc,Warlock,4,12,14,9,10,11
Half-Elf,Rogue,13,6,7,17,14,7
Halfling,Rogue,10,8,14,14,14,11
Half-Orc,Warlock,9,11,10,16,14,13
Tiefling,Ranger,14,17,16,9,17,11
Halfling,Barbarian,10,18,13,17,11,16
Dragonborn,Sorcerer,10,7,18,14,7,15
Gnome,Fighter,7,13,7,17,11,16
Tiefling,Paladin,11,9,14,10,12,12
Human,Warlock,6,16,15,11,12,13
Half-Elf,Barbarian,13,13,13,13,12,15
Half-Orc,Ranger,16,16,17,12,10,15
Half-Elf,Paladin,4,13,10,16,9,10
Halfling,Sorcerer,6,13,13,16,6,10
Half-Elf,Monk,12,11,15,14,12,14
Human,Bard,15,16,9,15,18,10
Human,Druid,14,13,15,14,9,12
Human,Warlock,15,17,12,8,10,11
Human,Druid,13,12,14,11,8,11
Human,Wizard,11,11,15,13,7,13
Gnome,Sorcerer,16,16,12,14,6,14
Elf,Monk,4,15,9,8,9,15
Dragonborn,Paladin,14,12,12,16,12,9
Tiefling,Bard,13,12,11,15,13,16
Dragonborn,Monk,16,15,14,15,10,13
Half-Elf,Cleric,15,8,13,13,14,13
Elf,Paladin,12,14,10,10,9,12
Human,Cleric,13,13,10,13,11,12
Dragonborn,Rogue,15,6,13,14,17,15
Tiefling,Paladin,12,15,15,12,15,15
Elf,Rogue,14,15,14,12,16,9
Human,Wizard,10,16,9,15,8,14
Dwarf,Fighter,15,12,12,16,6,7
Half-Elf,Sorcerer,14,7,15,9,15,16
Dragonborn,Rogue,7,10,14,12,14,16
Dwarf,Barbarian,11,12,8,12,14,15
Half-Elf,Fighter,12,11,17,9,17,13
Dwarf,Wizard,13,15,13,15,17,17
Halfling,Fighter,11,16,18,11,12,11
Tiefling,Barbarian,16,13,15,5,10,12
Tiefling,Cleric,11,12,13,9,13,13
Human,Paladin,13,16,12,11,7,12
Half-Elf,Wizard,8,10,12,14,10,11
Elf,Bard,12,7,16,17,9,12
Half-Orc,Barbarian,14,10,13,10,7,6
Human,Cleric,10,15,14,15,12,15
Half-Orc,Druid,6,12,8,11,14,14
Dragonborn,Cleric,12,12,17,15,14,7
Dwarf,Sorcerer,11,16,8,14,13,10
Dwarf,Sorcerer,10,14,10,11,15,12
Elf,Wizard,11,15,11,9,14,12
Halfling,Cleric,10,13,13,15,11,10
Halfling,Cleric,13,10,8,14,11,6
Dwarf,Wizard,13,6,15,13,14,8
Tiefling,Warlock,8,10,15,5,7,9
Tiefling,Barbarian,17,13,6,13,14,12
Halfling,Barbarian,14,7,15,12,11,14
Tiefling,Monk,14,18,13,11,12,6
Halfling,Paladin,9,17,13,18,9,11
Dwarf,Paladin,11,12,10,14,10,15
Tiefling,Cleric,6,10,14,12,15,9
Human,Fighter,5,13,14,11,4,6
Halfling,Paladin,12,17,16,11,16,16
Human,Druid,11,10,7,13,15,14
Halfling,Bard,15,13,13,12,11,15
Dragonborn,Paladin,12,7,6,9,6,11
Halfling,Paladin,15,8,15,8,10,11
Halfling,Wizard,13,16,13,10,9,12
Gnome,Paladin,10,10,11,16,13,15
Gnome,Paladin,11,11,12,15,18,9
Human,Bard,12,12,15,12,12,11
Dwarf,Barbarian,13,9,14,12,8,12
Dragonborn,Cleric,6,13,12,10,17,15
Gnome,Druid,14,7,11,15,13,14
Elf,Cleric,17,10,14,13,11,9
Halfling,Wizard,16,18,15,15,7,9
Halfling,Sorcerer,14,11,11,6,12,13
Half-Orc,Cleric,12,15,18,11,15,13
Half-Elf,Sorcerer,13,18,11,15,13,14
Dragonborn,Paladin,14,8,13,18,15,11
Elf,Warlock,15,16,13,14,16,9
Tiefling,Ranger,14,9,16,17,10,16
Halfling,Ranger,15,16,12,11,11,14
Dwarf,Ranger,17,13,10,13,13,12
Tiefling,Sorcerer,12,14,6,17,11,8
Elf,Fighter,14,10,16,13,11,12
Dwarf,Paladin,11,8,10,5,11,10
Gnome,Warlock,15,14,14,15,13,15
Dragonborn,Druid,12,16,13,17,17,12
Halfling,Wizard,17,16,4,13,12,16
Half-Elf,Paladin,12,11,14,16,13,16
Dwarf,Rogue,10,11,16,14,9,12
Half-Elf,Barbarian,16,15,14,10,14,9
Dragonborn,Druid,15,11,14,9,11,11
Dwarf,Wizard,14,15,15,12,7,14
Elf,Druid,11,10,14,11,13,11
Elf,Warlock,9,9,13,11,10,9
Tiefling,Cleric,15,10,12,14,14,8
Dwarf,Rogue,14,10,9,16,15,13
Gnome,Bard,12,12,14,8,9,17
Human,Cleric,12,18,11,15,14,6
Tiefling,Bard,12,14,13,11,10,15
Gnome,Fighter,14,8,11,13,10,15
Gnome,Druid,13,15,13,6,12,17
Halfling,Monk,10,9,16,12,9,15
Dwarf,Sorcerer,8,11,15,13,9,9
Halfling,Warlock,11,11,13,7,12,11
Halfling,Sorcerer,16,10,14,14,13,17
Human,Warlock,11,11,16,14,12,16
Dwarf,Barbarian,16,11,14,9,7,9
Halfling,Sorcerer,13,15,14,11,18,10
Dwarf,Bard,9,16,15,15,12,12
Dwarf,Fighter,6,10,11,17,12,17
Elf,Sorcerer,15,14,14,14,15,16
Half-Elf,Rogue,11,14,12,11,12,11
Tiefling,Fighter,15,13,14,18,13,11
Elf,Monk,13,12,7,5,10,15
Half-Orc,Ranger,7,11,8,13,12,13
Tiefling,Barbarian,13,11,13,16,10,13
Elf,Paladin,14,13,11,11,8,14
Elf,Ranger,12,5,11,13,11,12
Elf,Sorcerer,11,13,8,13,12,14
Half-Elf,Druid,12,13,12,10,11,16
Gnome,Warlock,16,16,14,15,13,10
Dwarf,Rogue,16,16,10,16,13,12
Elf,Warlock,13,15,13,15,17,9
Dragonborn,Warlock,12,11,14,14,14,8
Half-Elf,Warlock,10,7,14,10,17,11
Human,Paladin,14,13,16,14,11,10
Gnome,Druid,8,12,12,8,17,16
Half-Elf,Warlock,11,15,16,14,14,7
Dragonborn,Druid,9,8,11,11,13,13
Halfling,Wizard,12,13,7,15,10,13
Halfling,Sorcerer,13,8,9,7,9,10
Elf,Wizard,15,15,9,10,11,9
Human,Sorcerer,13,12,16,16,9,10
Dragonborn,Fighter,8,11,14,15,11,15
Tiefling,Sorcerer,14,11,15,11,11,9
Human,Paladin,13,17,12,11,15,15
Dragonborn,Cleric,14,11,15,15,13,15
Human,Ranger,12,10,15,17,15,11
Halfling,Warlock,8,13,10,16,7,9
Human,Wizard,14,14,16,11,5,14
Elf,Fighter,14,15,10,13,8,13
Gnome,Bard,17,10,14,12,18,14
Tiefling,Barbarian,16,14,16,15,10,9
Human,Druid,12,13,11,16,15,14
Half-Orc,Druid,16,8,17,15,14,12
Human,Monk,15,12,14,13,10,13
Tiefling,Ranger,16,11,7,8,15,14
Human,Bard,10,10,12,10,16,11
Halfling,Wizard,8,17,14,14,15,15
Half-Orc,Rogue,17,10,6,12,16,8
Dwarf,Druid,11,13,11,15,8,14
Human,Rogue,16,15,13,12,10,12
Halfling,Rogue,14,11,13,11,11,16
Half-Orc,Wizard,10,6,6,9,15,13
Half-Elf,Fighter,13,11,13,17,12,12
Tiefling,Sorcerer,12,12,14,10,15,17
Half-Elf,Rogue,11,12,3,7,12,13
Half-Orc,Druid,13,12,12,14,11,11
Half-Orc,Barbarian,16,11,14,16,11,6
Dragonborn,Warlock,10,10,12,13,12,13
Dwarf,Cleric,9,9,17,13,6,11
Halfling,Warlock,9,12,12,14,8,12
Gnome,Monk,15,10,10,15,15,12
Half-Orc,Fighter,11,11,8,14,10,15
Dwarf,Warlock,9,12,14,15,14,10
Half-Elf,Druid,9,14,10,11,12,7
Half-Orc,Cleric,14,11,9,14,14,10
Gnome,Paladin,15,14,15,17,14,13
Dwarf,Warlock,9,10,13,13,15,10
Human,Paladin,15,14,17,15,14,16
Gnome,Cleric,11,12,14,10,4,10
Half-Orc,Wizard,16,13,10,12,12,6
Dragonborn,Sorcerer,12,12,8,15,12,13
Human,Ranger,12,11,16,14,12,12
Half-Orc,Ranger,11,16,9,13,13,11
Dwarf,Paladin,10,12,10,5,12,11
Half-Orc,Paladin,15,12,8,11,14,9
Gnome,Cleric,13,10,9,18,13,9
Elf,Warlock,12,10,16,14,16,12
Human,Druid,16,15,17,10,13,15
Dwarf,Rogue,14,13,12,14,13,12
Human,Warlock,11,15,16,16,16,16
Human,Warlock,12,12,11,15,12,14
Human,Bard,10,11,7,11,14,11
Dragonborn,Druid,9,12,12,10,12,18
Dwarf,Fighter,12,14,13,17,10,12
Human,Sorcerer,17,16,9,6,10,14
Elf,Sorcerer,14,13,11,12,15,16
Half-Orc,Barbarian,13,11,12,11,16,5
Tiefling,Bard,11,8,17,15,14,10
Half-Orc,Warlock,12,15,12,12,16,15
Half-Orc,Warlock,11,7,15,7,8,9
Gnome,Rogue,9,12,15,16,14,14
Dwarf,Cleric,17,10,13,11,13,13
Half-Orc,Paladin,8,10,9,11,14,14
Halfling,Ranger,13,13,13,13,10,13
Tiefling,Wizard,11,13,14,8,15,9
Halfling,Monk,10,14,12,15,18,12
Half-Orc,Cleric,12,17,13,13,11,15
Half-Elf,Rogue,12,12,17,12,14,10
Tiefling,Bard,14,10,13,10,11,8
Tiefling,Wizard,12,9,12,15,13,14
Dwarf,Cleric,12,15,17,6,13,10
Elf,Paladin,6,4,4,8,13,14
Halfling,Bard,14,15,14,16,11,12
Tiefling,Wizard,11,9,12,11,17,7
Human,Fighter,17,8,15,11,17,16
Half-Orc,Druid,15,15,8,14,14,16
Human,Sorcerer,14,13,10,10,15,15
Tiefling,Ranger,13,10,7,16,13,16
Dragonborn,Sorcerer,12,7,17,16,16,18
Dragonborn,Rogue,17,17,11,11,11,14
Halfling,Barbarian,18,16,14,16,6,15
Half-Elf,Bard,11,13,16,13,11,11
Gnome,Monk,9,10,12,16,9,16
Dwarf,Fighter,11,12,12,14,11,15
Tiefling,Paladin,11,12,7,15,11,15
Gnome,Rogue,12,13,12,12,13,8
Halfling,Rogue,10,11,15,17,14,12
Gnome,Monk,8,15,11,9,10,14
Dragonborn,Bard,15,12,6,12,13,10
Tiefling,Barbarian,15,11,14,14,13,12
Dwarf,Warlock,11,12,15,16,10,14
Dragonborn,Cleric,10,10,16,13,13,9
Gnome,Ranger,16,13,8,11,9,11
Halfling,Rogue,12,12,11,8,15,11
Dwarf,Rogue,12,13,15,14,17,12
Human,Druid,14,15,12,10,10,9
Human,Paladin,10,12,13,14,9,14
Half-Elf,Paladin,11,14,15,15,14,11
Halfling,Fighter,13,13,13,12,13,9
Human,Fighter,14,7,15,14,11,14
Halfling,Rogue,14,13,18,13,10,13
Gnome,Paladin,14,13,15,17,15,16
Tiefling,Fighter,14,13,16,17,13,15
Tiefling,Barbarian,11,11,17,14,14,14
Gnome,Sorcerer,9,18,14,9,14,11
Tiefling,Wizard,7,9,16,16,13,7
Elf,Cleric,13,15,9,11,10,6
Elf,Fighter,14,8,8,10,9,16
Halfling,Paladin,16,9,16,18,10,14
Dragonborn,Monk,12,16,16,14,13,7
Halfling,Paladin,13,12,13,13,14,10
Half-Elf,Rogue,14,7,12,18,11,8
Halfling,Wizard,11,10,16,12,7,16
Half-Orc,Bard,14,14,15,12,17,17
Tiefling,Bard,18,14,11,12,13,14
Half-Orc,Rogue,10,11,6,9,16,15
Tiefling,Wizard,11,8,15,10,10,9
Halfling,Ranger,14,9,14,10,15,11
Tiefling,Paladin,15,17,12,17,12,15
Dwarf,Bard,13,12,14,12,13,9
Dwarf,Ranger,16,11,14,10,13,8
Dwarf,Fighter,11,10,12,10,13,8
Halfling,Barbarian,8,10,13,12,5,6
Dragonborn,Fighter,10,10,12,9,12,10
Half-Elf,Rogue,13,13,17,13,11,13
Gnome,Rogue,14,8,12,14,13,10
Elf,Cleric,16,13,9,15,14,11
Human,Druid,16,15,13,11,14,14
Half-Orc,Warlock,18,12,16,13,13,10
Half-Orc,Barbarian,13,12,12,13,15,11
Half-Orc,Ranger,12,15,14,17,10,10
Half-Elf,Ranger,10,13,11,12,12,17
Gnome,Monk,10,15,15,12,9,16
Half-Elf,Wizard,13,9,7,11,12,8
Dragonborn,Monk,15,12,10,13,14,16
Elf,Paladin,16,14,13,12,13,16
Half-Orc,Bard,10,14,9,9,11,13
Tiefling,Barbarian,18,13,17,14,13,12
Dwarf,Barbarian,18,14,13,16,14,13
Gnome,Warlock,11,11,14,17,11,11
Tiefling,Barbarian,15,16,15,16,12,12
Gnome,Bard,12,8,15,14,16,12
Gnome,Barbarian,9,15,14,14,8,11
Gnome,Wizard,11,12,13,11,11,15
Half-Elf,Barbarian,10,10,14,12,11,15
Human,Fighter,14,14,15,9,17,10
Elf,Fighter,13,6,13,15,13,16
Elf,Wizard,7,14,17,10,17,16
Halfling,Cleric,18,18,13,15,11,9
Human,Monk,14,16,12,11,12,13
Elf,Fighter,13,12,8,8,13,15
Elf,Barbarian,17,11,17,12,7,11
Tiefling,Fighter,14,15,14,12,11,10
Dragonborn,Monk,14,14,9,15,12,12
Half-Orc,Sorcerer,8,8,8,17,9,12
Dwarf,Barbarian,11,14,15,16,17,9
Half-Elf,Barbarian,15,15,13,13,9,15
Half-Elf,Warlock,8,13,12,11,7,15
Tiefling,Ranger,18,6,16,12,12,17
Dragonborn,Rogue,11,12,11,10,10,14
Elf,Sorcerer,12,11,13,12,13,14
Dragonborn,Barbarian,14,17,11,15,7,13
Half-Orc,Fighter,12,14,12,10,9,14
Half-Orc,Warlock,12,13,13,12,18,13
Human,Fighter,11,9,11,8,10,14
Gnome,Warlock,9,14,12,13,13,13
Halfling,Druid,16,18,12,13,15,15
Tiefling,Paladin,12,6,15,9,17,11
Human,Barbarian,12,15,12,8,9,12
Human,Cleric,18,14,6,12,8,9
Half-Elf,Druid,11,11,12,14,13,16
Human,Ranger,13,17,8,12,15,13
Tiefling,Sorcerer,16,10,11,14,13,15
Gnome,Warlock,9,12,10,7,16,13
Gnome,Ranger,11,14,9,15,13,10
Human,Rogue,8,14,16,18,9,12
Human,Paladin,14,9,7,9,12,9
Half-Orc,Fighter,15,11,8,17,9,13
Half-Orc,Warlock,18,14,13,16,8,14
Gnome,Fighter,10,16,15,13,15,13
Gnome,Bard,15,14,10,14,9,11
Gnome,Sorcerer,12,10,12,13,6,12
Halfling,Warlock,8,14,12,17,13,13
Half-Orc,Fighter,13,15,16,11,10,12
Halfling,Rogue,11,13,13,12,12,9
Human,Warlock,15,12,17,13,15,14
Tiefling,Cleric,16,12,11,14,11,10
Dwarf,Barbarian,8,12,11,10,11,14
Half-Orc,Sorcerer,10,10,13,13,18,15
Halfling,Druid,12,9,12,13,8,10
Half-Elf,Monk,7,15,15,14,16,13
Halfling,Ranger,15,12,14,12,10,11
Half-Elf,Barbarian,14,9,11,15,14,7
Dwarf,Wizard,14,11,13,11,11,14
Halfling,Rogue,10,12,5,6,13,13
Dwarf,Druid,18,12,11,16,11,12
Half-Orc,Barbarian,13,15,11,7,7,12
Half-Elf,Fighter,18,12,12,6,12,14
Half-Orc,Rogue,13,15,8,8,15,11
Dwarf,Fighter,13,18,12,13,14,15
Gnome,Warlock,12,15,15,16,10,8
Human,Cleric,7,8,11,12,11,17
Halfling,Druid,11,17,14,7,13,14
Half-Orc,Wizard,13,12,10,10,14,17
Tiefling,Barbarian,16,10,9,11,14,14
Gnome,Paladin,11,17,17,9,18,16
Dwarf,Monk,10,9,14,13,6,14
Gnome,Cleric,12,16,14,7,12,12
Human,Fighter,12,11,15,11,12,11
Elf,Ranger,10,16,13,18,7,14
Elf,Wizard,12,11,6,13,12,12
Gnome,Ranger,13,12,10,13,16,8
Half-Elf,Warlock,15,13,3,15,10,15
Gnome,Bard,8,15,14,8,17,14
Tiefling,Barbarian,17,9,10,11,13,15
Human,Rogue,12,13,14,12,4,8
Dwarf,Rogue,11,16,16,15,17,16
Half-Orc,Wizard,12,12,13,13,11,13
Elf,Ranger,13,14,7,13,14,12
Gnome,Paladin,11,16,17,12,6,13
Elf,Warlock,14,17,10,14,11,13
Halfling,Rogue,15,12,11,17,13,9
Half-Elf,Fighter,18,12,6,17,8,13
Human,Bard,14,14,14,15,14,8
Half-Elf,Cleric,15,13,17,9,11,12
Dragonborn,Rogue,15,7,14,14,13,11
Human,Monk,16,12,16,9,13,9
Human,Ranger,12,14,16,10,9,11
Human,Ranger,13,9,14,9,15,17
Half-Elf,Monk,16,12,11,14,15,15
Dragonborn,Paladin,15,13,13,14,9,17
Dwarf,Druid,13,14,14,13,12,16
Half-Orc,Bard,5,13,17,12,13,15
Elf,Monk,10,10,13,10,13,13
Human,Barbarian,13,12,13,12,10,14
Human,Paladin,9,6,8,14,14,13
Elf,Bard,9,11,9,13,13,14
Tiefling,Monk,17,15,12,12,12,11
Dragonborn,Rogue,15,15,11,17,14,14
Dragonborn,Sorcerer,14,17,14,16,9,15
Human,Fighter,9,7,15,7,14,16
Human,Druid,16,13,12,10,15,13
Dragonborn,Bard,10,17,16,18,14,12
Elf,Ranger,15,12,17,16,17,14
Dwarf,Bard,8,18,16,11,10,14
Dwarf,Bard,12,16,9,14,11,8
Elf,Monk,15,9,15,11,17,16
Half-Orc,Paladin,6,12,11,11,14,9
Halfling,Paladin,14,15,15,8,17,11
Gnome,Warlock,17,16,16,18,15,9
Half-Orc,Monk,12,17,15,13,9,16
Tiefling,Fighter,16,12,13,13,11,12
Elf,Fighter,10,14,13,14,13,14
Human,Sorcerer,14,13,9,12,14,9
Dragonborn,Ranger,17,11,8,11,16,13
Elf,Warlock,12,12,11,15,13,12
Half-Elf,Bard,13,5,13,4,9,14
Half-Orc,Cleric,16,11,9,9,16,15
Gnome,Barbarian,12,15,15,14,13,13
Gnome,Sorcerer,12,15,15,13,14,10
Gnome,Ranger,10,16,10,7,14,16
Dragonborn,Cleric,12,13,14,11,14,16
Tiefling,Paladin,11,17,15,15,9,9
Dragonborn,Rogue,13,12,12,15,12,12
Human,Druid,11,15,11,14,14,11
Half-Elf,Paladin,15,14,18,12,11,11
Gnome,Warlock,10,13,11,12,15,15
Half-Elf,Rogue,13,11,12,16,13,13
Dragonborn,Fighter,11,11,10,17,13,10
Gnome,Rogue,11,9,15,12,8,12
Human,Fighter,14,12,13,11,7,14
Dwarf,Barbarian,16,13,13,16,13,16
Gnome,Monk,14,14,11,14,14,13
Halfling,Monk,17,12,12,15,11,12
Half-Orc,Paladin,14,14,9,11,12,9
Tiefling,Druid,15,11,10,12,11,10
Dwarf,Wizard,15,14,12,14,11,12
Half-Elf,Bard,10,14,15,14,16,11
Half-Orc,Bard,14,14,17,15,14,13
Halfling,Barbarian,13,13,13,12,10,9
Half-Elf,Sorcerer,16,13,11,12,11,17
Gnome,Sorcerer,6,13,13,10,16,12
Half-Orc,Bard,9,12,8,8,13,15
Half-Elf,Paladin,15,15,14,16,12,9
Human,Rogue,11,18,15,11,16,6
Tiefling,Bard,12,15,13,8,16,18
Tiefling,Bard,14,9,13,9,10,8
Tiefling,Rogue,15,13,12,7,10,14
Human,Monk,10,13,16,14,12,9
Halfling,Druid,11,8,12,14,12,17
Human,Sorcerer,15,14,11,10,9,11
Dwarf,Rogue,14,14,16,15,7,9
Halfling,Bard,16,15,9,11,17,12
Dragonborn,Druid,14,10,16,13,14,9
Half-Orc,Cleric,7,14,11,8,11,15
Dragonborn,Ranger,14,12,9,8,8,11
Human,Ranger,14,13,15,9,14,11
Human,Warlock,15,11,8,9,7,14
Half-Elf,Druid,13,13,11,11,15,14
Dragonborn,Warlock,14,13,11,13,17,8
Dwarf,Fighter,10,13,11,10,14,12
Gnome,Wizard,12,15,10,15,14,13
Half-Orc,Sorcerer,10,14,10,16,8,9
Gnome,Warlock,13,16,13,12,16,16
Gnome,Bard,9,10,15,9,10,15
Human,Monk,13,7,14,11,7,10
Half-Orc,Fighter,14,16,9,13,15,14
Half-Elf,Cleric,12,11,13,13,9,11
Half-Elf,Bard,13,11,17,11,16,8
Human,Wizard,7,17,9,5,10,13
Human,Bard,14,10,15,15,13,14
Human,Rogue,15,17,17,17,16,11
Gnome,Monk,8,11,13,13,12,13
Tiefling,Fighter,16,14,12,15,13,14
Human,Rogue,10,7,14,9,15,14
Half-Elf,Ranger,18,14,14,11,13,9
Dragonborn,Paladin,10,13,8,7,12,14
Tiefling,Warlock,17,11,13,14,13,7
Dwarf,Warlock,16,13,13,12,13,14
Elf,Paladin,13,13,15,12,13,16
Human,Barbarian,11,13,10,13,10,8
Gnome,Fighter,13,14,11,12,15,16
Gnome,Fighter,15,11,8,11,11,10
Gnome,Bard,9,8,11,14,15,10
Elf,Sorcerer,10,13,10,16,8,7
Tiefling,Warlock,11,12,12,16,15,16
Dragonborn,Cleric,9,10,10,13,10,12
Dragonborn,Warlock,15,12,15,11,8,13
Half-Orc,Wizard,11,16,9,12,11,11
Half-Orc,Monk,15,9,12,17,13,15
Elf,Rogue,15,13,12,11,14,15
Half-Orc,Warlock,14,14,6,12,12,10
Gnome,Ranger,13,10,11,13,6,14
Tiefling,Paladin,15,15,16,12,13,13
Half-Orc,Warlock,12,13,15,13,9,12
Tiefling,Barbarian,12,13,11,12,13,10
Tiefling,Rogue,12,13,8,15,12,18
Dragonborn,Sorcerer,9,16,8,11,13,12
Half-Elf,Warlock,10,11,10,10,17,16
Halfling,Wizard,8,13,16,8,15,13
Elf,Bard,14,15,8,15,9,16
Half-Orc,Sorcerer,14,10,16,14,5,6
Elf,Bard,14,13,14,10,10,11
Tiefling,Druid,13,15,17,12,12,10
Dragonborn,Sorcerer,15,13,11,16,17,10
Tiefling,Paladin,5,13,13,14,11,9
Half-Orc,Rogue,7,5,10,18,12,11
Half-Elf,Ranger,13,15,8,13,17,12
Dragonborn,Wizard,9,11,11,17,13,12
Elf,Bard,16,14,10,14,12,12
Half-Elf,Fighter,6,15,13,10,15,9
Elf,Wizard,8,13,15,13,10,9
Gnome,Rogue,16,14,13,16,15,11
Halfling,Fighter,16,12,17,15,15,13
Dragonborn,Druid,11,11,12,15,10,12
Dragonborn,Rogue,14,14,17,9,12,12
Human,Cleric,12,15,13,14,15,18
Tiefling,Paladin,16,11,12,11,13,14
Half-Orc,Sorcerer,12,13,11,14,9,10
Dragonborn,Bard,12,15,12,8,15,14
Elf,Wizard,12,16,8,12,11,15
Gnome,Druid,14,14,14,15,12,11
Human,Rogue,14,14,13,13,12,10
Halfling,Druid,16,9,9,12,7,12
Tiefling,Wizard,15,18,7,11,8,17
Halfling,Fighter,12,10,8,13,11,9
Halfling,Rogue,9,15,13,17,9,16
Dwarf,Cleric,13,8,11,12,10,13
Halfling,Sorcerer,10,17,11,15,13,11
Dwarf,Wizard,12,17,4,13,10,15
Gnome,Monk,10,14,17,12,13,10
Half-Elf,Cleric,13,17,9,11,14,6
Half-Elf,Barbarian,12,17,11,17,11,12
Half-Elf,Barbarian,11,12,16,16,15,14
Human,Wizard,10,11,12,11,14,10
Dragonborn,Rogue,9,13,14,7,13,10
Dwarf,Rogue,16,12,15,12,16,15
Half-Elf,Rogue,10,7,8,11,14,9
Half-Orc,Barbarian,16,15,13,14,8,10
Tiefling,Barbarian,13,4,14,12,9,11
Gnome,Ranger,13,10,10,8,16,11
Half-Orc,Barbarian,16,15,16,17,13,9
Tiefling,Sorcerer,12,14,18,13,10,12
Dwarf,Wizard,12,14,8,14,12,16
Halfling,Bard,12,9,10,16,14,7
Halfling,Cleric,8,8,11,11,11,16
Half-Orc,Ranger,17,14,15,14,11,4
Dragonborn,Wizard,8,12,7,15,9,13
Tiefling,Ranger,12,6,12,11,10,9
Half-Orc,Rogue,14,10,15,14,18,14
Half-Orc,Cleric,13,7,10,15,10,9
Elf,Sorcerer,11,11,9,10,11,14
Gnome,Warlock,13,16,15,14,10,17
Elf,Cleric,9,6,11,15,6,15
Gnome,Wizard,15,13,10,7,10,10
Dwarf,Ranger,12,13,5,17,16,12
Half-Elf,Sorcerer,13,15,16,10,13,16
Tiefling,Warlock,12,15,9,15,9,11
Dwarf,Ranger,12,11,8,13,18,12
Halfling,Wizard,11,9,16,7,15,12
Gnome,Monk,8,15,15,10,12,9
Dragonborn,Sorcerer,12,5,10,14,9,14
Half-Elf,Warlock,13,14,7,17,15,8
Gnome,Cleric,17,14,14,16,10,16
Tiefling,Sorcerer,15,12,15,12,12,14
Elf,Bard,7,17,11,7,10,18
Halfling,Barbarian,13,12,12,8,12,15
Human,Druid,11,13,16,10,16,13
Halfling,Cleric,11,5,11,13,5,7
Halfling,Cleric,10,7,16,12,7,12
Elf,Cleric,13,9,15,13,14,8
Tiefling,Sorcerer,14,13,9,10,13,9
Dragonborn,Barbarian,13,16,17,13,14,10
Elf,Barbarian,17,11,10,12,11,17
Half-Orc,Rogue,16,14,10,12,15,10
Dwarf,Monk,16,10,18,13,12,16
Half-Orc,Monk,17,17,9,11,17,13
Dwarf,Druid,9,15,12,11,13,14
Half-Elf,Fighter,13,12,8,13,9,12
Human,Sorcerer,9,14,11,14,13,13
Tiefling,Fighter,16,11,9,15,12,15
Gnome,Sorcerer,8,13,11,10,14,12
Tiefling,Sorcerer,7,15,11,15,16,11
Tiefling,Paladin,14,11,15,17,12,11
Gnome,Druid,11,15,10,14,16,11
Half-Orc,Fighter,9,13,5,9,12,13
Tiefling,Druid,10,7,9,12,12,13
Half-Orc,Bard,13,15,14,9,13,12
Halfling,Sorcerer,8,14,13,15,17,8
Half-Elf,Fighter,14,8,12,7,17,16
Gnome,Sorcerer,8,15,13,11,10,14
Human,Paladin,16,12,16,14,9,9
Halfling,Monk,11,12,8,11,18,13
Half-Orc,Sorcerer,11,16,11,11,13,14
Human,Ranger,16,15,11,11,11,11
Dragonborn,Rogue,13,14,4,13,12,8
Human,Fighter,14,14,16,13,12,11
Dragonborn,Monk,18,16,11,13,15,13
Tiefling,Ranger,13,11,15,15,12,11
Gnome,Druid,12,18,12,15,8,9
Human,Paladin,13,15,9,14,15,9
Dragonborn,Monk,10,13,13,14,5,10
Gnome,Barbarian,9,12,8,17,11,16
Dragonborn,Wizard,14,8,16,8,11,5
Elf,Fighter,15,14,13,13,15,15
Half-Orc,Druid,7,6,13,13,13,12
Halfling,Warlock,9,14,12,8,10,10
Tiefling,Monk,15,12,11,9,15,11
Human,Ranger,11,10,9,15,12,14
Half-Orc,Cleric,10,18,14,6,15,16
Half-Elf,Cleric,16,11,13,9,16,10
Halfling,Warlock,11,15,12,16,11,12
Tiefling,Wizard,9,7,14,13,10,15
Human,Rogue,16,12,14,14,11,15
Human,Warlock,17,13,13,11,10,12
Dwarf,Rogue,14,15,13,11,12,16
Tiefling,Druid,9,18,10,12,14,12
Dwarf,Barbarian,13,8,10,7,13,12
Dragonborn,Sorcerer,15,15,14,8,16,15
Tiefling,Fighter,14,16,13,12,14,9
Half-Orc,Druid,14,8,16,15,10,15
Dragonborn,Wizard,8,13,16,11,11,15
Dragonborn,Sorcerer,9,16,8,8,15,14
Human,Ranger,10,13,13,9,16,12
Elf,Barbarian,11,10,7,9,12,11
Dragonborn,Cleric,11,14,13,12,15,12
Elf,Barbarian,8,14,16,10,16,16
Gnome,Fighter,12,11,11,11,14,10
Dwarf,Monk,11,14,7,12,12,12
Elf,Fighter,13,12,14,14,10,17
Half-Orc,Monk,14,14,13,12,10,17
Tiefling,Monk,15,14,13,12,11,14
Gnome,Paladin,11,9,8,10,15,17
Half-Elf,Barbarian,10,12,13,9,10,15
Dwarf,Warlock,15,11,13,16,5,15
Half-Elf,Bard,11,15,8,17,10,11
Dragonborn,Druid,12,8,14,6,12,11
Dwarf,Rogue,13,15,13,11,13,7
Elf,Wizard,11,10,16,15,15,13
Half-Elf,Wizard,11,9,8,15,6,17
Elf,Sorcerer,9,10,14,13,12,11
Human,Warlock,9,10,12,12,11,14
Human,Warlock,14,11,8,9,9,16
Half-Elf,Cleric,8,7,17,12,12,9
Gnome,Rogue,11,5,10,9,12,13
Dragonborn,Fighter,12,13,13,12,15,15
Dwarf,Bard,11,18,7,16,17,14
Human,Paladin,12,12,14,15,14,7
Half-Orc,Wizard,12,8,10,16,14,14
Gnome,Paladin,9,10,10,12,14,8
Half-Orc,Fighter,13,16,13,13,16,13
Human,Wizard,11,9,12,16,15,9
Dragonborn,Bard,7,11,10,11,15,14
Halfling,Rogue,10,11,17,8,12,12
Dwarf,Fighter,10,14,11,14,8,11
Tiefling,Cleric,10,16,8,14,6,9
Human,Warlock,9,13,9,11,9,11
Dragonborn,Barbarian,15,15,14,12,6,17
Dragonborn,Wizard,8,12,8,8,12,13
Elf,Ranger,14,17,15,15,14,15
Elf,Ranger,12,12,17,16,7,10
Half-Elf,Rogue,14,15,10,7,10,15
Half-Orc,Cleric,12,14,10,10,9,16
Halfling,Rogue,12,16,17,4,13,13
Tiefling,Ranger,11,16,16,12,14,14
Tiefling,Monk,16,6,10,10,8,16
Dwarf,Barbarian,13,15,12,14,10,13
Dwarf,Monk,16,12,11,16,8,8
Halfling,Druid,13,14,11,11,12,13
Dragonborn,Ranger,10,14,13,9,12,9
Halfling,Wizard,12,11,12,14,7,10
Half-Orc,Bard,15,12,12,11,11,13
Half-Orc,Monk,14,8,15,10,18,9
Gnome,Wizard,12,14,10,8,13,14
Dwarf,Druid,3,11,12,10,10,12
Halfling,Paladin,15,12,16,13,15,12
Half-Orc,Bard,10,12,11,10,10,13
Human,Barbarian,10,14,17,13,12,9
Tiefling,Monk,16,18,15,10,14,15
Human,Fighter,10,12,8,8,11,13
Half-Orc,Bard,18,12,10,14,11,8
Tiefling,Barbarian,14,11,14,11,16,12
Half-Elf,Bard,12,12,14,13,8,15
Human,Warlock,5,18,11,6,10,14
Dragonborn,Paladin,12,15,8,7,8,12
Halfling,Druid,8,16,13,8,12,16
Gnome,Monk,6,14,10,7,13,8
Elf,Druid,10,13,9,10,14,14
Halfling,Bard,15,11,13,10,15,11
Tiefling,Fighter,11,15,8,11,13,11
Human,Ranger,11,14,17,13,6,10
Gnome,Rogue,12,10,15,11,8,10
Halfling,Druid,12,9,11,10,14,11
Dwarf,Sorcerer,12,9,13,11,11,8
Dragonborn,Monk,16,6,10,7,10,16
Halfling,Sorcerer,14,6,11,14,16,11
Tiefling,Cleric,10,12,13,6,13,10
Elf,Paladin,18,15,15,13,13,15
Dragonborn,Bard,15,10,11,9,11,9
Human,Cleric,15,15,5,10,12,18
Half-Orc,Rogue,12,8,15,14,14,13
Halfling,Barbarian,9,14,9,8,9,13
Dragonborn,Cleric,13,14,13,12,13,15
Half-Orc,Sorcerer,11,11,15,11,11,14
Half-Elf,Paladin,10,8,14,15,12,16
Half-Orc,Rogue,14,16,10,9,6,11
Half-Orc,Warlock,11,9,12,15,11,12
Half-Orc,Wizard,14,15,13,9,12,12
Dragonborn,Cleric,10,11,12,13,10,14
Halfling,Paladin,14,16,10,12,7,7
Half-Elf,Druid,10,10,13,13,12,14
Tiefling,Cleric,10,14,13,14,10,13
Elf,Rogue,14,13,15,13,12,16
Half-Orc,Cleric,11,14,10,12,14,15
Dwarf,Barbarian,8,10,6,14,14,6
Human,Sorcerer,10,14,14,12,15,9
Elf,Fighter,10,10,12,10,16,10
Human,Warlock,11,13,11,12,17,16
Dragonborn,Sorcerer,9,12,10,7,15,14
Dwarf,Cleric,10,15,11,9,14,11
Gnome,Druid,13,8,16,7,9,11
Elf,Rogue,13,16,13,11,17,13
Tiefling,Druid,12,16,12,14,8,10
Dragonborn,Paladin,10,10,11,12,8,14
Dragonborn,Barbarian,11,16,15,16,11,11
Half-Elf,Fighter,17,17,13,13,9,13
Gnome,Monk,14,13,16,13,15,10
Halfling,Druid,15,15,16,13,15,12
Human,Rogue,11,12,13,15,12,12
Dragonborn,Paladin,10,17,11,15,11,11
Half-Elf,Druid,15,10,11,10,15,15
Elf,Bard,12,15,11,14,17,16
Dragonborn,Barbarian,11,17,12,14,14,10
Half-Orc,Druid,13,7,11,10,10,13
Human,Ranger,17,11,11,13,5,6
Half-Orc,Cleric,11,8,14,13,4,17
Elf,Bard,12,15,14,14,13,10
Dragonborn,Barbarian,11,6,6,10,12,7
Half-Elf,Sorcerer,16,10,12,11,11,14
Dwarf,Bard,11,15,15,12,9,10
Human,Warlock,10,8,12,12,15,15
Half-Elf,Warlock,13,12,9,13,9,14
Half-Elf,Bard,14,12,11,13,17,12
Elf,Fighter,18,11,18,16,7,14
Halfling,Ranger,17,13,10,8,15,12
Dragonborn,Barbarian,11,11,17,14,14,12
Half-Elf,Druid,16,13,10,12,11,12
Half-Elf,Barbarian,12,9,14,10,15,9
Gnome,Druid,13,16,15,14,5,13
Half-Elf,Monk,8,12,12,15,8,11
Half-Orc,Barbarian,12,10,14,11,8,12
Human,Druid,14,15,5,13,13,12
Half-Orc,Rogue,15,13,11,12,13,10
Half-Elf,Fighter,13,8,13,12,18,12
Human,Barbarian,11,11,13,12,11,13
Half-Elf,Fighter,12,15,17,11,5,14
Dragonborn,Wizard,15,13,12,18,12,11
Half-Orc,Warlock,9,7,15,10,16,8
Dragonborn,Cleric,14,14,14,12,14,16
Tiefling,Monk,11,12,12,11,12,13
Dwarf,Barbarian,16,10,15,7,16,7
Tiefling,Monk,10,12,13,12,12,13
Tiefling,Sorcerer,13,12,12,9,8,11
Gnome,Bard,13,14,16,14,15,8
Gnome,Fighter,17,14,10,17,10,11
Gnome,Cleric,7,10,16,9,6,11
Tiefling,Bard,16,8,7,11,12,18
Dragonborn,Rogue,11,10,9,10,9,12
Half-Orc,Paladin,15,12,5,14,13,16
Dwarf,Bard,10,11,14,10,10,13
Half-Orc,Wizard,17,15,15,16,17,10
Half-Elf,Sorcerer,12,12,16,13,5,15
Tiefling,Rogue,8,16,16,9,8,6
Dwarf,Monk,12,13,7,12,10,13
Dwarf,Rogue,12,12,13,7,15,11
Dwarf,Paladin,10,7,13,16,14,13
Half-Elf,Wizard,12,13,10,15,11,14
Half-Elf,Sorcerer,14,14,9,13,16,12
Gnome,Sorcerer,15,14,9,12,17,7
Dragonborn,Sorcerer,10,16,8,10,15,11
Half-Orc,Warlock,10,13,13,9,9,7
Dwarf,Rogue,17,10,11,8,13,7
Gnome,Rogue,11,11,9,12,11,17
Elf,Druid,10,9,14,13,15,10
Elf,Cleric,12,12,16,6,14,9
Human,Monk,17,12,8,9,15,7
Human,Ranger,14,12,17,10,13,13
Half-Orc,Fighter,13,10,11,11,12,15
Halfling,Fighter,12,13,10,6,17,7
Halfling,Druid,10,14,17,14,8,15
Halfling,Cleric,13,10,7,14,9,16
Half-Elf,Sorcerer,13,13,8,11,13,13
Elf,Wizard,16,11,15,12,12,8
Elf,Fighter,13,13,12,13,14,12
Gnome,Barbarian,12,11,11,10,15,8
Half-Elf,Cleric,10,10,9,5,14,17
Elf,Wizard,15,7,13,13,15,12
Dwarf,Fighter,8,5,14,12,10,15
Gnome,Warlock,16,10,10,13,16,13
Dragonborn,Monk,15,14,17,11,8,15
Halfling,Rogue,11,9,7,14,8,18
Halfling,Ranger,11,13,16,18,10,11
Half-Orc,Warlock,12,8,16,9,10,10
Half-Elf,Monk,9,12,13,11,13,14
Half-Orc,Sorcerer,17,13,18,16,14,15
Human,Bard,11,12,13,17,6,15
Half-Elf,Ranger,18,16,16,16,11,10
Dwarf,Monk,9,12,12,7,9,10
Human,Ranger,10,13,14,12,14,15
Halfling,Ranger,14,9,18,11,15,12
Elf,Fighter,13,10,15,11,11,13
Half-Orc,Warlock,13,10,11,15,16,13
Dragonborn,Sorcerer,14,9,12,15,6,11
Dwarf,Sorcerer,4,15,10,10,12,13
Human,Bard,12,10,13,10,10,11
Elf,Paladin,9,15,6,15,8,10
Tiefling,Paladin,15,12,14,12,15,12
Dwarf,Barbarian,17,11,15,7,13,12
Human,Druid,8,14,15,10,16,16
Halfling,Sorcerer,11,10,13,13,12,14
Gnome,Wizard,14,11,10,14,12,15
Half-Orc,Paladin,7,7,13,11,12,13
Half-Elf,Ranger,12,10,8,10,12,11
Halfling,Paladin,12,15,13,10,14,5
Gnome,Monk,15,17,10,9,14,14
Gnome,Monk,11,14,11,11,12,12
Elf,Barbarian,12,11,15,11,13,14
Half-Orc,Monk,12,13,16,15,13,10
Gnome,Warlock,14,15,12,11,17,17
Human,Monk,11,13,13,13,11,13
Gnome,Monk,8,9,16,9,15,14
Dragonborn,Barbarian,15,16,10,17,14,14
Dragonborn,Bard,12,17,12,18,11,13
Halfling,Cleric,16,12,10,8,12,10
Halfling,Fighter,13,11,10,15,16,12
Human,Rogue,10,16,11,13,12,14
Human,Monk,14,12,17,11,13,13
Half-Orc,Barbarian,12,10,7,17,10,15
Dragonborn,Wizard,13,15,11,15,9,14
Tiefling,Ranger,14,14,11,8,14,10
Halfling,Fighter,13,10,13,13,13,12
Elf,Warlock,9,15,11,11,17,11
Half-Orc,Monk,13,15,8,10,13,16
Dwarf,Ranger,12,12,13,13,10,10
Halfling,Cleric,17,9,7,9,15,12
Human,Wizard,15,11,14,10,16,8
Tiefling,Sorcerer,8,12,6,13,12,12
Half-Elf,Paladin,4,8,9,17,14,12
Dragonborn,Fighter,16,14,15,17,15,8
Human,Warlock,15,16,11,9,14,17
Halfling,Cleric,12,15,15,12,12,12
Dwarf,Warlock,5,12,15,10,7,17
Dwarf,Warlock,10,12,11,7,15,8
Gnome,Bard,13,11,15,10,12,11
Gnome,Fighter,14,9,8,13,10,14
Human,Wizard,18,11,13,14,11,7
Half-Elf,Monk,13,11,17,17,5,7
Half-Orc,Fighter,17,15,15,16,15,12
Half-Orc,Rogue,10,13,11,14,11,12
Halfling,Wizard,12,14,13,11,13,10
Dragonborn,Druid,12,11,18,12,13,13
Half-Elf,Wizard,15,9,7,13,16,16
Halfling,Barbarian,13,9,6,16,16,10
Dwarf,Cleric,14,14,14,16,8,12
Half-Elf,Paladin,9,7,13,13,3,11
Half-Elf,Rogue,17,15,14,12,9,8
Half-Orc,Rogue,15,14,16,14,12,9
Half-Orc,Fighter,6,13,9,7,17,17
Half-Orc,Rogue,14,13,13,9,12,6
Tiefling,Wizard,11,13,16,12,9,12
Gnome,Monk,13,17,16,11,11,11
Elf,Druid,13,5,12,13,15,14
Half-Orc,Barbarian,10,12,12,16,12,13
Half-Orc,Barbarian,14,9,11,15,12,12
Tiefling,Monk,8,14,16,12,12,16
Gnome,Sorcerer,6,12,15,15,9,10
Half-Elf,Warlock,18,10,15,16,11,15
Gnome,Sorcerer,12,10,8,15,12,11
Elf,Fighter,10,10,9,17,16,11
Halfling,Bard,12,10,17,11,16,9
Tiefling,Barbarian,17,12,16,13,10,13
Human,Paladin,15,13,13,6,16,12
Gnome,Cleric,17,12,13,10,9,11
Halfling,Cleric,14,15,13,13,16,11
Elf,Barbarian,16,8,11,16,10,14
Half-Orc,Fighter,11,15,15,10,10,15
Dragonborn,Druid,9,13,14,13,6,9
Elf,Fighter,17,7,16,15,18,9
Halfling,Monk,8,13,10,11,13,6
Dragonborn,Wizard,12,14,13,17,12,12
Dwarf,Ranger,9,15,13,18,13,17
Elf,Paladin,12,15,14,14,12,8
Dwarf,Wizard,16,13,15,9,14,14
Dragonborn,Monk,12,15,7,4,10,8
Elf,Cleric,10,16,9,7,14,7
Half-Orc,Wizard,12,11,7,11,11,10
Dragonborn,Ranger,11,14,14,12,11,13
Gnome,Warlock,7,14,13,13,12,13
Tiefling,Cleric,13,16,16,12,11,11
Dwarf,Wizard,14,8,8,7,12,12
Half-Orc,Wizard,12,6,13,11,11,8
Dwarf,Rogue,13,11,17,15,12,10
Gnome,Paladin,11,15,14,7,16,16
Elf,Wizard,11,15,15,9,13,13
Halfling,Monk,14,11,12,11,15,12
Elf,Wizard,13,12,10,15,16,16
Elf,Sorcerer,11,9,17,10,11,14
Halfling,Bard,12,7,13,13,15,13
Dwarf,Druid,15,9,16,7,11,14
Half-Orc,Paladin,8,16,10,13,10,16
Dragonborn,Sorcerer,12,10,12,10,17,11
Dwarf,Paladin,8,14,13,11,12,12
Dwarf,Rogue,12,14,12,14,15,9
Dragonborn,Warlock,13,17,12,8,13,7
Half-Orc,Fighter,11,17,6,9,9,17
Half-Elf,Monk,9,12,12,10,16,8
Elf,Druid,11,5,9,18,7,12
Half-Orc,Sorcerer,17,15,15,8,10,14
Dragonborn,Warlock,15,7,11,14,12,11
Half-Orc,Rogue,10,9,13,11,12,5
Dwarf,Barbarian,14,11,8,7,11,9
Dwarf,Monk,12,17,15,10,6,9
Halfling,Ranger,17,10,15,12,9,13
Elf,Warlock,8,13,12,7,9,14
Halfling,Druid,15,14,15,15,16,12
Gnome,Fighter,13,11,12,10,13,15
Gnome,Monk,15,13,9,11,15,12
Tiefling,Wizard,13,13,15,15,10,13
Elf,Ranger,8,17,12,15,10,11
Halfling,Ranger,11,14,13,13,14,11
Dwarf,Druid,6,15,8,10,15,17
Tiefling,Bard,14,10,16,9,14,11
Half-Elf,Wizard,13,15,13,17,16,15
Dragonborn,Ranger,11,10,7,13,11,17
Dragonborn,Druid,14,8,10,8,11,9
Gnome,Sorcerer,8,14,15,10,17,16
Halfling,Rogue,15,6,15,9,12,9
Human,Cleric,12,18,13,18,13,12
Half-Elf,Sorcerer,15,16,15,6,13,8
Halfling,Ranger,14,10,16,13,15,15
Half-Orc,Ranger,17,10,15,17,10,5
Human,Wizard,12,10,14,16,16,9
Dwarf,Rogue,14,8,8,11,6,11
Gnome,Ranger,15,4,17,12,11,15
Dwarf,Warlock,11,17,8,18,11,15
Elf,Warlock,15,11,13,14,7,13
Dwarf,Bard,15,12,14,14,12,15
Human,Monk,15,15,6,6,9,13
Half-Elf,Wizard,11,18,12,15,17,13
Human,Fighter,16,16,12,12,9,11
Elf,Ranger,10,16,11,15,12,8
Half-Elf,Barbarian,8,11,15,14,16,14
Half-Elf,Paladin,13,13,14,13,15,9
Half-Orc,Paladin,12,16,13,16,13,8
Gnome,Paladin,14,11,12,12,16,10
Halfling,Fighter,14,10,14,13,5,9
Dwarf,Monk,9,10,11,14,17,16
Tiefling,Druid,15,8,9,17,11,7
Halfling,Sorcerer,11,15,12,17,14,7
Gnome,Sorcerer,7,12,5,14,11,15
Gnome,Monk,10,12,10,12,11,8
Dragonborn,Bard,9,14,14,17,17,14
Elf,Paladin,14,9,10,15,9,8
Halfling,Monk,13,14,12,10,15,8
Half-Elf,Barbarian,8,14,13,11,15,10
Half-Elf,Ranger,14,13,14,12,15,15
Human,Rogue,5,11,12,16,6,13
Gnome,Cleric,6,12,17,16,11,6
Half-Elf,Rogue,12,13,8,10,17,18
Dragonborn,Paladin,12,7,13,14,11,9
Human,Druid,11,10,13,12,15,13
Dwarf,Wizard,12,13,16,14,16,12
Tiefling,Druid,16,13,11,17,15,11
Tiefling,Bard,10,11,14,15,10,11
Tiefling,Barbarian,15,17,9,14,9,10
Elf,Sorcerer,7,13,17,10,10,11
Human,Barbarian,9,15,14,13,11,16
Tiefling,Paladin,14,8,11,12,14,9
Dragonborn,Sorcerer,17,12,11,11,11,11
Half-Orc,Druid,14,9,12,13,13,8
Half-Orc,Bard,14,15,13,16,13,14
Half-Elf,Paladin,12,17,17,13,16,8
Tiefling,Rogue,9,11,13,10,12,10
Halfling,Ranger,12,14,10,11,17,10
Half-Elf,Monk,11,15,8,18,7,14
Elf,Ranger,14,18,7,15,11,10
Halfling,Monk,14,12,8,11,14,13
Tiefling,Wizard,14,17,13,14,6,11
Dwarf,Barbarian,14,7,11,14,14,8
Gnome,Paladin,14,13,12,15,8,17
Human,Wizard,17,16,11,13,10,16
Half-Orc,Fighter,9,15,11,10,10,9
Human,Rogue,7,11,12,12,12,10
Halfling,Bard,14,14,10,11,11,10
Tiefling,Warlock,16,16,16,7,13,12
Dwarf,Sorcerer,13,12,13,10,9,14
Dragonborn,Rogue,17,9,6,12,12,16
Human,Monk,17,16,12,12,12,16
Halfling,Druid,13,12,16,8,7,13
Tiefling,Bard,10,13,15,12,10,10
Tiefling,Sorcerer,12,8,12,15,15,8
Half-Orc,Ranger,11,9,15,15,11,15
Elf,Cleric,10,16,5,15,15,10
Half-Elf,Druid,10,7,5,16,4,16
Gnome,Wizard,12,16,12,11,13,15
Half-Elf,Ranger,14,17,18,14,13,17
Halfling,Bard,13,13,11,9,17,14
Dwarf,Bard,13,9,12,10,18,13
Half-Orc,Monk,11,11,5,15,16,14
Half-Orc,Rogue,10,13,9,11,11,11
Tiefling,Druid,7,15,8,8,16,14
Elf,Fighter,16,12,12,11,7,12
Half-Orc,Bard,14,11,12,16,18,17
Tiefling,Ranger,10,13,13,14,14,15
Human,Rogue,17,12,15,13,15,11
Dwarf,Rogue,9,8,10,13,9,12
Half-Orc,Warlock,13,16,14,10,13,14
Tiefling,Sorcerer,15,14,12,11,13,9
Dwarf,Druid,5,8,16,8,15,11
Tiefling,Monk,8,12,13,14,16,14
Tiefling,Barbarian,14,13,9,12,14,10
Human,Barbarian,15,12,10,16,7,11
Halfling,Ranger,7,10,17,12,8,11
